[Licensing::Module] Trying to connect to existing licensing client channel...
[Licensing::IpcConnector] Successfully connected to the License Client on channel: "LicenseClient-bluec" at "2026-08-19T17:00:05.4168714Z"
[Licensing::Client] Error: Code 10 while verifying Licensing Client signature (process Id: 20524, path: "C:/Program Files/Unity Hub/UnityLicensingClient_V1/Unity.Licensing.Client.exe")
[Licensing::Module] Error: LicensingClient has failed validation; ignoring
[Licensing::Client] Handshaking with LicensingClient:
  Version:                 1.17.4+4293ba1
  Session Id:              e829723c7268464bb925989b9c271bd1
  Correlation Id:          6657d5556fe14f7aba22f825985684fb
  External correlation Id: 7479538489440272809
  Machine Id:              5i+0XpAZnLkEaUnRXmCy049CLAM=
[Licensing::Module] Successfully connected to LicensingClient on channel: "LicenseClient-bluec" (connect: 0.00s, validation: 0.01s, handshake: 0.02s)
[Licensing::IpcConnector] Successfully connected to the License Notification on channel: "LicenseClient-bluec-notifications" at "2026-08-19T17:00:05.4454678Z"
[Licensing::Module] Error: Access token is unavailable; failed to update
[Licensing::Client] Successfully updated license
Built from '2023.2/release' branch; Version is '2023.2.22f1 (6b19bf4f8115) revision 7018943'; Using compiler version '193431935'; Build Type 'Release'
OS: 'Windows 11  (10.0.26200) 64bit Core' Language: 'en' Physical Memory: 32223 MB
[Licensing::Client] Successfully resolved entitlements
[Licensing::Module] Serial number assigned to: "2474294347432-UnityPersXXXX"
BatchMode: 1, IsHumanControllingUs: 0, StartBugReporterOnCrash: 0, Is64bit: 1, IsPro: 0

COMMAND LINE ARGUMENTS:
C:\Program Files\Unity\Hub\Editor\2023.2.22f1\Editor\Unity.exe
-batchmode
-quit
-nographics
-projectPath
C:\Users\bluec\Desktop\MoSim-Reefscape-Public
-buildTarget
win64
-executeMethod
Editor.AddressablesModExporter.BuildFromCommandLine
-groups
NY Modpack
-logFile
C:\Users\bluec\Desktop\MoSim-Reefscape-Public\Tools\build-logs\build-win64.log
-versions
v2.1.0
Successfully changed project path to: C:\Users\bluec\Desktop\MoSim-Reefscape-Public
C:/Users/bluec/Desktop/MoSim-Reefscape-Public
[UnityMemory] Configuration Parameters - Can be set up in boot.config
    "memorysetup-bucket-allocator-granularity=16"
    "memorysetup-bucket-allocator-bucket-count=8"
    "memorysetup-bucket-allocator-block-size=33554432"
    "memorysetup-bucket-allocator-block-count=8"
    "memorysetup-main-allocator-block-size=16777216"
    "memorysetup-thread-allocator-block-size=16777216"
    "memorysetup-gfx-main-allocator-block-size=16777216"
    "memorysetup-gfx-thread-allocator-block-size=16777216"
    "memorysetup-cache-allocator-block-size=4194304"
    "memorysetup-typetree-allocator-block-size=2097152"
    "memorysetup-profiler-bucket-allocator-granularity=16"
    "memorysetup-profiler-bucket-allocator-bucket-count=8"
    "memorysetup-profiler-bucket-allocator-block-size=33554432"
    "memorysetup-profiler-bucket-allocator-block-count=8"
    "memorysetup-profiler-allocator-block-size=16777216"
    "memorysetup-profiler-editor-allocator-block-size=1048576"
    "memorysetup-temp-allocator-size-main=16777216"
    "memorysetup-job-temp-allocator-block-size=2097152"
    "memorysetup-job-temp-allocator-block-size-background=1048576"
    "memorysetup-job-temp-allocator-reduction-small-platforms=262144"
    "memorysetup-allocator-temp-initial-block-size-main=262144"
    "memorysetup-allocator-temp-initial-block-size-worker=262144"
    "memorysetup-temp-allocator-size-background-worker=32768"
    "memorysetup-temp-allocator-size-job-worker=262144"
    "memorysetup-temp-allocator-size-preload-manager=33554432"
    "memorysetup-temp-allocator-size-nav-mesh-worker=65536"
    "memorysetup-temp-allocator-size-audio-worker=65536"
    "memorysetup-temp-allocator-size-cloud-worker=32768"
    "memorysetup-temp-allocator-size-gi-baking-worker=262144"
    "memorysetup-temp-allocator-size-gi-baking-worker=262144"
    "memorysetup-temp-allocator-size-gi-baking-worker=262144"
    "memorysetup-temp-allocator-size-gi-baking-worker=262144"
    "memorysetup-temp-allocator-size-gfx=262144"
Player connection [20008] Host "[IP] 192.168.1.172 [Port] 55504 [Flags] 2 [Guid] 322479398 [EditorId] 322479398 [Version] 1048832 [Id] WindowsEditor(7,seb) [Debug] 1 [PackageName] WindowsEditor [ProjectName] Editor" joined multi-casting on [225.0.0.222:54997]...
Player connection [20008] Host "[IP] 192.168.1.172 [Port] 55504 [Flags] 2 [Guid] 322479398 [EditorId] 322479398 [Version] 1048832 [Id] WindowsEditor(7,seb) [Debug] 1 [PackageName] WindowsEditor [ProjectName] Editor" joined alternative multi-casting on [225.0.0.222:34997]...
[Physics::Module] Initialized MultithreadedJobDispatcher with 23 workers.
[Package Manager] Connected to IPC stream "Upm-28132" after 0.2 seconds.
Library Redirect Path: Library/
[Licensing::Client] Successfully resolved entitlements
[Package Manager] Restoring resolved packages state from cache
[Licensing::Client] Successfully resolved entitlement details
[Package Manager] Registered 65 packages:
  Packages from [https://packages.unity.com]:
    com.unity.addressables@2.7.6 (location: C:\Users\bluec\Desktop\MoSim-Reefscape-Public\Library\PackageCache\com.unity.addressables@2.7.6)
    com.unity.ai.navigation@2.0.0 (location: C:\Users\bluec\Desktop\MoSim-Reefscape-Public\Library\PackageCache\com.unity.ai.navigation@2.0.0)
    com.unity.cinemachine@3.0.1 (location: C:\Users\bluec\Desktop\MoSim-Reefscape-Public\Library\PackageCache\com.unity.cinemachine@3.0.1)
    com.unity.collab-proxy@2.3.1 (location: C:\Users\bluec\Desktop\MoSim-Reefscape-Public\Library\PackageCache\com.unity.collab-proxy@2.3.1)
    com.unity.ide.rider@3.0.38 (location: C:\Users\bluec\Desktop\MoSim-Reefscape-Public\Library\PackageCache\com.unity.ide.rider@3.0.38)
    com.unity.ide.visualstudio@2.0.23 (location: C:\Users\bluec\Desktop\MoSim-Reefscape-Public\Library\PackageCache\com.unity.ide.visualstudio@2.0.23)
    com.unity.inputsystem@1.7.0 (location: C:\Users\bluec\Desktop\MoSim-Reefscape-Public\Library\PackageCache\com.unity.inputsystem@1.7.0)
    com.unity.recorder@5.0.0 (location: C:\Users\bluec\Desktop\MoSim-Reefscape-Public\Library\PackageCache\com.unity.recorder@5.0.0)
    com.unity.timeline@1.8.8 (location: C:\Users\bluec\Desktop\MoSim-Reefscape-Public\Library\PackageCache\com.unity.timeline@1.8.8)
    com.unity.toolchain.linux-x86_64@2.0.10 (location: C:\Users\bluec\Desktop\MoSim-Reefscape-Public\Library\PackageCache\com.unity.toolchain.linux-x86_64@2.0.10)
    com.unity.toolchain.win-x86_64-linux-x86_64@2.0.11 (location: C:\Users\bluec\Desktop\MoSim-Reefscape-Public\Library\PackageCache\com.unity.toolchain.win-x86_64-linux-x86_64@2.0.11)
    com.unity.visualscripting@1.8.0 (location: C:\Users\bluec\Desktop\MoSim-Reefscape-Public\Library\PackageCache\com.unity.visualscripting@1.8.0)
    com.unity.sysroot@2.0.10 (location: C:\Users\bluec\Desktop\MoSim-Reefscape-Public\Library\PackageCache\com.unity.sysroot@2.0.10)
    com.unity.sysroot.linux-x86_64@2.0.9 (location: C:\Users\bluec\Desktop\MoSim-Reefscape-Public\Library\PackageCache\com.unity.sysroot.linux-x86_64@2.0.9)
    com.unity.ext.nunit@2.0.5 (location: C:\Users\bluec\Desktop\MoSim-Reefscape-Public\Library\PackageCache\com.unity.ext.nunit@2.0.5)
    com.unity.mathematics@1.2.6 (location: C:\Users\bluec\Desktop\MoSim-Reefscape-Public\Library\PackageCache\com.unity.mathematics@1.2.6)
    com.unity.burst@1.8.13 (location: C:\Users\bluec\Desktop\MoSim-Reefscape-Public\Library\PackageCache\com.unity.burst@1.8.13)
    com.unity.splines@2.5.2 (location: C:\Users\bluec\Desktop\MoSim-Reefscape-Public\Library\PackageCache\com.unity.splines@2.5.2)
    com.unity.profiling.core@1.0.2 (location: C:\Users\bluec\Desktop\MoSim-Reefscape-Public\Library\PackageCache\com.unity.profiling.core@1.0.2)
    com.unity.test-framework@1.4.5 (location: C:\Users\bluec\Desktop\MoSim-Reefscape-Public\Library\PackageCache\com.unity.test-framework@1.4.5)
    com.unity.scriptablebuildpipeline@2.5.0 (location: C:\Users\bluec\Desktop\MoSim-Reefscape-Public\Library\PackageCache\com.unity.scriptablebuildpipeline@2.5.0)
    com.unity.searcher@4.9.2 (location: C:\Users\bluec\Desktop\MoSim-Reefscape-Public\Library\PackageCache\com.unity.searcher@4.9.2)
    com.unity.settings-manager@2.0.1 (location: C:\Users\bluec\Desktop\MoSim-Reefscape-Public\Library\PackageCache\com.unity.settings-manager@2.0.1)
    com.unity.collections@1.4.0 (location: C:\Users\bluec\Desktop\MoSim-Reefscape-Public\Library\PackageCache\com.unity.collections@1.4.0)
    com.unity.nuget.mono-cecil@1.11.4 (location: C:\Users\bluec\Desktop\MoSim-Reefscape-Public\Library\PackageCache\com.unity.nuget.mono-cecil@1.11.4)
  Built-in packages:
    com.unity.2d.sprite@1.0.0 (location: C:\Users\bluec\Desktop\MoSim-Reefscape-Public\Library\PackageCache\com.unity.2d.sprite@1.0.0)
    com.unity.render-pipelines.universal@16.0.6 (location: C:\Users\bluec\Desktop\MoSim-Reefscape-Public\Library\PackageCache\com.unity.render-pipelines.universal@16.0.6)
    com.unity.ugui@2.0.0 (location: C:\Users\bluec\Desktop\MoSim-Reefscape-Public\Library\PackageCache\com.unity.ugui@2.0.0)
    com.unity.modules.accessibility@1.0.0 (location: C:\Users\bluec\Desktop\MoSim-Reefscape-Public\Library\PackageCache\com.unity.modules.accessibility@1.0.0)
    com.unity.modules.ai@1.0.0 (location: C:\Users\bluec\Desktop\MoSim-Reefscape-Public\Library\PackageCache\com.unity.modules.ai@1.0.0)
    com.unity.modules.androidjni@1.0.0 (location: C:\Users\bluec\Desktop\MoSim-Reefscape-Public\Library\PackageCache\com.unity.modules.androidjni@1.0.0)
    com.unity.modules.animation@1.0.0 (location: C:\Users\bluec\Desktop\MoSim-Reefscape-Public\Library\PackageCache\com.unity.modules.animation@1.0.0)
    com.unity.modules.assetbundle@1.0.0 (location: C:\Users\bluec\Desktop\MoSim-Reefscape-Public\Library\PackageCache\com.unity.modules.assetbundle@1.0.0)
    com.unity.modules.audio@1.0.0 (location: C:\Users\bluec\Desktop\MoSim-Reefscape-Public\Library\PackageCache\com.unity.modules.audio@1.0.0)
    com.unity.modules.cloth@1.0.0 (location: C:\Users\bluec\Desktop\MoSim-Reefscape-Public\Library\PackageCache\com.unity.modules.cloth@1.0.0)
    com.unity.modules.director@1.0.0 (location: C:\Users\bluec\Desktop\MoSim-Reefscape-Public\Library\PackageCache\com.unity.modules.director@1.0.0)
    com.unity.modules.imageconversion@1.0.0 (location: C:\Users\bluec\Desktop\MoSim-Reefscape-Public\Library\PackageCache\com.unity.modules.imageconversion@1.0.0)
    com.unity.modules.imgui@1.0.0 (location: C:\Users\bluec\Desktop\MoSim-Reefscape-Public\Library\PackageCache\com.unity.modules.imgui@1.0.0)
    com.unity.modules.jsonserialize@1.0.0 (location: C:\Users\bluec\Desktop\MoSim-Reefscape-Public\Library\PackageCache\com.unity.modules.jsonserialize@1.0.0)
    com.unity.modules.particlesystem@1.0.0 (location: C:\Users\bluec\Desktop\MoSim-Reefscape-Public\Library\PackageCache\com.unity.modules.particlesystem@1.0.0)
    com.unity.modules.physics@1.0.0 (location: C:\Users\bluec\Desktop\MoSim-Reefscape-Public\Library\PackageCache\com.unity.modules.physics@1.0.0)
    com.unity.modules.physics2d@1.0.0 (location: C:\Users\bluec\Desktop\MoSim-Reefscape-Public\Library\PackageCache\com.unity.modules.physics2d@1.0.0)
    com.unity.modules.screencapture@1.0.0 (location: C:\Users\bluec\Desktop\MoSim-Reefscape-Public\Library\PackageCache\com.unity.modules.screencapture@1.0.0)
    com.unity.modules.terrain@1.0.0 (location: C:\Users\bluec\Desktop\MoSim-Reefscape-Public\Library\PackageCache\com.unity.modules.terrain@1.0.0)
    com.unity.modules.terrainphysics@1.0.0 (location: C:\Users\bluec\Desktop\MoSim-Reefscape-Public\Library\PackageCache\com.unity.modules.terrainphysics@1.0.0)
    com.unity.modules.tilemap@1.0.0 (location: C:\Users\bluec\Desktop\MoSim-Reefscape-Public\Library\PackageCache\com.unity.modules.tilemap@1.0.0)
    com.unity.modules.ui@1.0.0 (location: C:\Users\bluec\Desktop\MoSim-Reefscape-Public\Library\PackageCache\com.unity.modules.ui@1.0.0)
    com.unity.modules.uielements@1.0.0 (location: C:\Users\bluec\Desktop\MoSim-Reefscape-Public\Library\PackageCache\com.unity.modules.uielements@1.0.0)
    com.unity.modules.umbra@1.0.0 (location: C:\Users\bluec\Desktop\MoSim-Reefscape-Public\Library\PackageCache\com.unity.modules.umbra@1.0.0)
    com.unity.modules.unityanalytics@1.0.0 (location: C:\Users\bluec\Desktop\MoSim-Reefscape-Public\Library\PackageCache\com.unity.modules.unityanalytics@1.0.0)
    com.unity.modules.unitywebrequest@1.0.0 (location: C:\Users\bluec\Desktop\MoSim-Reefscape-Public\Library\PackageCache\com.unity.modules.unitywebrequest@1.0.0)
    com.unity.modules.unitywebrequestassetbundle@1.0.0 (location: C:\Users\bluec\Desktop\MoSim-Reefscape-Public\Library\PackageCache\com.unity.modules.unitywebrequestassetbundle@1.0.0)
    com.unity.modules.unitywebrequestaudio@1.0.0 (location: C:\Users\bluec\Desktop\MoSim-Reefscape-Public\Library\PackageCache\com.unity.modules.unitywebrequestaudio@1.0.0)
    com.unity.modules.unitywebrequesttexture@1.0.0 (location: C:\Users\bluec\Desktop\MoSim-Reefscape-Public\Library\PackageCache\com.unity.modules.unitywebrequesttexture@1.0.0)
    com.unity.modules.unitywebrequestwww@1.0.0 (location: C:\Users\bluec\Desktop\MoSim-Reefscape-Public\Library\PackageCache\com.unity.modules.unitywebrequestwww@1.0.0)
    com.unity.modules.vehicles@1.0.0 (location: C:\Users\bluec\Desktop\MoSim-Reefscape-Public\Library\PackageCache\com.unity.modules.vehicles@1.0.0)
    com.unity.modules.video@1.0.0 (location: C:\Users\bluec\Desktop\MoSim-Reefscape-Public\Library\PackageCache\com.unity.modules.video@1.0.0)
    com.unity.modules.vr@1.0.0 (location: C:\Users\bluec\Desktop\MoSim-Reefscape-Public\Library\PackageCache\com.unity.modules.vr@1.0.0)
    com.unity.modules.wind@1.0.0 (location: C:\Users\bluec\Desktop\MoSim-Reefscape-Public\Library\PackageCache\com.unity.modules.wind@1.0.0)
    com.unity.modules.xr@1.0.0 (location: C:\Users\bluec\Desktop\MoSim-Reefscape-Public\Library\PackageCache\com.unity.modules.xr@1.0.0)
    com.unity.modules.subsystems@1.0.0 (location: C:\Users\bluec\Desktop\MoSim-Reefscape-Public\Library\PackageCache\com.unity.modules.subsystems@1.0.0)
    com.unity.modules.hierarchycore@1.0.0 (location: C:\Users\bluec\Desktop\MoSim-Reefscape-Public\Library\PackageCache\com.unity.modules.hierarchycore@1.0.0)
    com.unity.render-pipelines.core@16.0.6 (location: C:\Users\bluec\Desktop\MoSim-Reefscape-Public\Library\PackageCache\com.unity.render-pipelines.core@16.0.6)
    com.unity.shadergraph@16.0.6 (location: C:\Users\bluec\Desktop\MoSim-Reefscape-Public\Library\PackageCache\com.unity.shadergraph@16.0.6)
    com.unity.rendering.light-transport@1.0.2 (location: C:\Users\bluec\Desktop\MoSim-Reefscape-Public\Library\PackageCache\com.unity.rendering.light-transport@1.0.2)
[Subsystems] No new subsystems found in resolved package list.
Package Manager log level set to [2]
[Package Manager] Done registering packages in 0.04 seconds
Targeting platform: win64
Refreshing native plugins compatible for Editor in 1.45 ms, found 6 plugins.
Preloading 0 native plugins for Editor in 0.00 ms.
Initialize engine version: 2023.2.22f1 (6b19bf4f8115)
[Subsystems] Discovering subsystems at path C:/Program Files/Unity/Hub/Editor/2023.2.22f1/Editor/Data/Resources/UnitySubsystems
[Subsystems] Discovering subsystems at path C:/Users/bluec/Desktop/MoSim-Reefscape-Public/Assets
Forcing GfxDevice: Null
GfxDevice: creating device client; kGfxThreadingModeNonThreaded
NullGfxDevice:
    Version:  NULL 1.0 [1.0]
    Renderer: Null Device
    Vendor:   Unity Technologies
Shader Hidden/ProbeVolume/VoxelizeScene is not supported: GPU does not support conservative rasterization
[Licensing::Client] Successfully resolved entitlements
Initialize mono
Mono path[0] = 'C:/Program Files/Unity/Hub/Editor/2023.2.22f1/Editor/Data/Managed'
Mono path[1] = 'C:/Program Files/Unity/Hub/Editor/2023.2.22f1/Editor/Data/MonoBleedingEdge/lib/mono/unityjit-win32'
Mono config path = 'C:/Program Files/Unity/Hub/Editor/2023.2.22f1/Editor/Data/MonoBleedingEdge/etc'
Using monoOptions --debugger-agent=transport=dt_socket,embedding=1,server=y,suspend=n,address=127.0.0.1:56132
Using cacheserver namespaces - metadata:defaultmetadata, artifacts:defaultartifacts
Using cacheserver namespaces - metadata:defaultmetadata, artifacts:defaultartifacts
ImportWorker Server TCP listen port: 0
AcceleratorClientConnectionCallback - disconnected - :0
Begin MonoManager ReloadAssembly
Registering precompiled unity dll's ...
Register platform support module: C:/Program Files/Unity/Hub/Editor/2023.2.22f1/Editor/Data/PlaybackEngines/MacStandaloneSupport/UnityEditor.OSXStandalone.Extensions.dll
Register platform support module: C:/Program Files/Unity/Hub/Editor/2023.2.22f1/Editor/Data/PlaybackEngines/WindowsStandaloneSupport/UnityEditor.WindowsStandalone.Extensions.dll
Register platform support module: C:/Program Files/Unity/Hub/Editor/2023.2.22f1/Editor/Data/PlaybackEngines/LinuxStandaloneSupport/UnityEditor.LinuxStandalone.Extensions.dll
Registered in 0.002635 seconds.
- Loaded All Assemblies, in  0.218 seconds
Native extension for LinuxStandalone target not found
Native extension for WindowsStandalone target not found
Native extension for OSXStandalone target not found
Mono: successfully reloaded assembly
- Finished resetting the current domain, in  0.175 seconds
Domain Reload Profiling: 393ms
	BeginReloadAssembly (76ms)
		ExecutionOrderSort (0ms)
		DisableScriptedObjects (0ms)
		BackupInstance (0ms)
		ReleaseScriptingObjects (0ms)
		CreateAndSetChildDomain (0ms)
	RebuildCommonClasses (20ms)
	RebuildNativeTypeToScriptingClass (6ms)
	initialDomainReloadingComplete (29ms)
	LoadAllAssembliesAndSetupDomain (86ms)
		LoadAssemblies (75ms)
		RebuildTransferFunctionScriptingTraits (0ms)
		AnalyzeDomain (84ms)
			TypeCache.Refresh (83ms)
				TypeCache.ScanAssembly (75ms)
			BuildScriptInfoCaches (0ms)
			ResolveRequiredComponents (0ms)
	FinalizeReload (176ms)
		ReleaseScriptCaches (0ms)
		RebuildScriptCaches (0ms)
		SetupLoadedEditorAssemblies (148ms)
			LogAssemblyErrors (0ms)
			InitializePlatformSupportModulesInManaged (18ms)
			SetLoadedEditorAssemblies (3ms)
			BeforeProcessingInitializeOnLoad (3ms)
			ProcessInitializeOnLoadAttributes (99ms)
			ProcessInitializeOnLoadMethodAttributes (25ms)
			AfterProcessingInitializeOnLoad (0ms)
			EditorAssembliesLoaded (0ms)
		ExecutionOrderSort2 (0ms)
		AwakeInstancesAfterBackupRestoration (0ms)
[Licensing::Client] Successfully resolved entitlements
Application.AssetDatabase Initial Refresh Start
Assembly reference Packages/com.unity.cinemachine/Editor/Samples/ExposeHDRPInternals/HDRP-Editor-ref.asmref has no target assembly definition
Assembly reference Packages/com.unity.cinemachine/Editor/Samples/ExposeHDRPInternals/HDRP-Editor-ref.asmref has no target assembly definition
Starting: C:\Program Files\Unity\Hub\Editor\2023.2.22f1\Editor\Data\bee_backend.exe --dont-print-to-structured-log --ipc --defer-dag-verification --dagfile="Library/Bee/1900b0aE.dag" --continue-on-failure --profile="Library/Bee/backend1.traceevents" ScriptAssemblies
WorkingDir: C:/Users/bluec/Desktop/MoSim-Reefscape-Public
DisplayProgressbar: Compiling Scripts
ExitCode: 0 Duration: 0s183ms
[ 882/1156  0s] ILPP-Configuration Library/ilpp-configuration.nevergeneratedoutput
*** Tundra build success (0.16 seconds), 1 items updated, 1156 evaluated
AssetDatabase: script compilation time: 0.461205s
Assembly reference Packages/com.unity.cinemachine/Editor/Samples/ExposeHDRPInternals/HDRP-Editor-ref.asmref has no target assembly definition
Begin MonoManager ReloadAssembly
- Loaded All Assemblies, in  0.601 seconds
Refreshing native plugins compatible for Editor in 1.08 ms, found 6 plugins.
Native extension for LinuxStandalone target not found
Native extension for WindowsStandalone target not found
Native extension for OSXStandalone target not found
Assembly reference Packages/com.unity.cinemachine/Editor/Samples/ExposeHDRPInternals/HDRP-Editor-ref.asmref has no target assembly definition
Mono: successfully reloaded assembly
- Finished resetting the current domain, in  2.017 seconds
Domain Reload Profiling: 2616ms
	BeginReloadAssembly (219ms)
		ExecutionOrderSort (0ms)
		DisableScriptedObjects (7ms)
		BackupInstance (0ms)
		ReleaseScriptingObjects (0ms)
		CreateAndSetChildDomain (21ms)
	RebuildCommonClasses (18ms)
	RebuildNativeTypeToScriptingClass (7ms)
	initialDomainReloadingComplete (14ms)
	LoadAllAssembliesAndSetupDomain (340ms)
		LoadAssemblies (238ms)
		RebuildTransferFunctionScriptingTraits (0ms)
		AnalyzeDomain (157ms)
			TypeCache.Refresh (124ms)
				TypeCache.ScanAssembly (112ms)
			BuildScriptInfoCaches (22ms)
			ResolveRequiredComponents (8ms)
	FinalizeReload (2017ms)
		ReleaseScriptCaches (0ms)
		RebuildScriptCaches (0ms)
		SetupLoadedEditorAssemblies (1796ms)
			LogAssemblyErrors (0ms)
			InitializePlatformSupportModulesInManaged (7ms)
			SetLoadedEditorAssemblies (2ms)
			BeforeProcessingInitializeOnLoad (49ms)
			ProcessInitializeOnLoadAttributes (1709ms)
			ProcessInitializeOnLoadMethodAttributes (26ms)
			AfterProcessingInitializeOnLoad (2ms)
			EditorAssembliesLoaded (0ms)
		ExecutionOrderSort2 (0ms)
		AwakeInstancesAfterBackupRestoration (7ms)
Refreshing native plugins compatible for Editor in 1.11 ms, found 6 plugins.
Preloading 0 native plugins for Editor in 0.00 ms.
Asset Pipeline Refresh (id=dd5d27599105c974d982d67cfbfb4611): Total: 3.698 seconds - Initiated by InitialRefreshV2(ForceSynchronousImport)
	Summary:
		Imports: total=0 (actual=0, local cache=0, cache server=0)
		Asset DB Process Time: managed=0 ms, native=2333 ms
		Asset DB Callback time: managed=232 ms, native=5 ms
		Scripting: domain reloads=1, domain reload time=632 ms, compile time=463 ms, other=32 ms
		Project Asset Count: scripts=1634, non-scripts=4552
		Asset File Changes: new=0, changed=0, moved=0, deleted=1
		Scan Filter Count: 0
	InvokeCustomDependenciesCallbacks: 0.001ms
	InvokePackagesCallback: 0.808ms
	ApplyChangesToAssetFolders: 0.283ms
	Scan: 57.617ms
	OnSourceAssetsModified: 0.715ms
	CategorizeAssetsWithTransientArtifact: 39.002ms
	ProcessAssetsWithTransientArtifactChanges: 64.527ms
	UnregisterDeletedAssets: 0.001ms
	CategorizeAssets: 50.739ms
	ImportOutOfDateAssets: 2029.640ms (1561.711ms without children)
		CompileScripts: 462.992ms
		ReloadNativeAssets: 0.070ms
		UnloadImportedAssets: 2.250ms
		EnsureUptoDateAssetsAreRegisteredWithGuidPM: 1.241ms
		InitializingProgressBar: 0.001ms
		PostProcessAllAssetNotificationsAddChangedAssets: 0.001ms
		OnDemandSchedulerStart: 1.375ms
	PostProcessAllAssets: 231.155ms
	Hotreload: 5.033ms
	GatherAllCurrentPrimaryArtifactRevisions: 0.000ms
	UnloadStreamsBegin: 1.147ms
	PersistCurrentRevisions: 2.901ms
	UnloadStreamsEnd: 0.002ms
	GenerateScriptTypeHashes: 4.252ms
	Untracked: 1214.357ms

Application.AssetDatabase Initial Refresh End
Shader Hidden/ProbeVolume/VoxelizeScene is not supported: GPU does not support conservative rasterization
Scanning for USB devices : 46.242ms
Initializing Unity extensions:
[Licensing::Client] Successfully resolved entitlements
[MODES] ModeService[none].Initialize
[MODES] ModeService[none].LoadModes
[MODES] Loading mode Default (0) for mode-current-id-MoSimulator
Unloading 23 Unused Serialized files (Serialized files now loaded: 0)
Unloading 7041 unused Assets / (2.7 MB). Loaded Objects now: 7852.
Memory consumption went from 231.5 MB to 228.8 MB.
Total: 9.539200 ms (FindLiveObjects: 0.591000 ms CreateObjectMapping: 0.545500 ms MarkObjects: 6.113200 ms  DeleteObjects: 2.288600 ms)

Building addressables for: NY Modpack (target: StandaloneWindows64, prefix: nymodpack)
UnityEngine.Debug:ExtractStackTraceNoAlloc (byte*,int,string)
UnityEngine.StackTraceUtility:ExtractStackTrace ()
UnityEngine.DebugLogHandler:Internal_Log (UnityEngine.LogType,UnityEngine.LogOption,string,UnityEngine.Object)
UnityEngine.DebugLogHandler:LogFormat (UnityEngine.LogType,UnityEngine.Object,string,object[])
UnityEngine.Logger:Log (UnityEngine.LogType,object)
UnityEngine.Debug:Log (object)
Editor.AddressablesModExporter:BuildOneGroup (UnityEditor.AddressableAssets.Settings.AddressableAssetSettings,Editor.AddressablesModExporter/ModBuildSpec) (at Assets/Editor/AddressablesModExporter.cs:198)
Editor.AddressablesModExporter:BuildAndExport (System.Collections.Generic.List`1<Editor.AddressablesModExporter/ModBuildSpec>) (at Assets/Editor/AddressablesModExporter.cs:124)
Editor.AddressablesModExporter:BuildFromCommandLine () (at Assets/Editor/AddressablesModExporter.cs:347)

(Filename: Assets/Editor/AddressablesModExporter.cs Line: 198)

DisplayProgressbar: Processing Addressable Group
Start importing Assets/AddressableAssetsData/AssetGroups/Schemas/NY Modpack_BundledAssetGroupSchema.asset using Guid(311a62cf5faa7d141853f9dcff62d97c) (NativeFormatImporter) -> (artifact id: '8776906382d3e0517ac2e4104f4e3e73') in 0.0132848 seconds
Start importing Assets/AddressableAssetsData/AssetGroups/Schemas/China Modpack_BundledAssetGroupSchema.asset using Guid(a58b984c5740b144dba6c62d0ff5bf0b) (NativeFormatImporter) -> (artifact id: '22f44bd64c88f9d31ef000d0e6f1cd5d') in 0.002063 seconds
Refreshing native plugins compatible for Editor in 1.15 ms, found 6 plugins.
Preloading 0 native plugins for Editor in 0.00 ms.
Asset Pipeline Refresh (id=b0b46d0e8c142fd4db8c284a626bb418): Total: 0.063 seconds - Initiated by StopAssetImportingV2(NoUpdateAssetOptions)
DisplayProgressbar: Switch To Build Platform
DisplayProgressbar: Rebuild Sprite Atlas Cache
DisplayProgressbar: Build Player Scripts
[ScriptCompilation] Requested script compilation because: Recompiling all scripts before compiling player scripts because Auto Refresh is disabled.
Starting: C:\Program Files\Unity\Hub\Editor\2023.2.22f1\Editor\Data\bee_backend.exe --dont-print-to-structured-log --ipc --defer-dag-verification --dagfile="Library/Bee/1900b0aE.dag" --continue-on-failure --profile="Library/Bee/backend1.traceevents" ScriptAssemblies
WorkingDir: C:/Users/bluec/Desktop/MoSim-Reefscape-Public
ExitCode: 0 Duration: 0s353ms
[ 882/1156  0s] ILPP-Configuration Library/ilpp-configuration.nevergeneratedoutput
*** Tundra build success (0.33 seconds), 1 items updated, 1156 evaluated
[ScriptCompilation] Requested script compilation because: Compiling scripts for player
Starting: C:\Program Files\Unity\Hub\Editor\2023.2.22f1\Editor\Data\bee_backend.exe --dont-print-to-structured-log --ipc --defer-dag-verification --dagfile="Library/Bee/1900b0aP.dag" --continue-on-failure --profile="Library/Bee/backend1.traceevents" ScriptAssembliesAndTypeDB
WorkingDir: C:/Users/bluec/Desktop/MoSim-Reefscape-Public
DisplayProgressbar: Compiling Scripts
ExitCode: 0 Duration: 1s280ms
[490/798    0s] WriteResponseFile Library/Bee/artifacts/rsp/4747638433968585886.rsp
[645/798    0s] ILPP-Configuration Library/ilpp-configuration.nevergeneratedoutput
[692/798    0s] CopyFiles Library/PlayerScriptAssemblies/MoSimCore.dll
[693/798    0s] CopyFiles Library/PlayerScriptAssemblies/Unity.RenderPipelines.Core.ShaderLibrary.dll
[694/798    0s] CopyFiles Library/PlayerScriptAssemblies/Unity.ScriptableBuildPipeline.dll
[697/798    0s] CopyFiles Library/PlayerScriptAssemblies/Unity.RenderPipelines.Universal.Runtime.dll
[700/798    0s] CopyFiles Library/PlayerScriptAssemblies/Unity.AI.Navigation.dll
[701/798    0s] CopyFiles Library/PlayerScriptAssemblies/Unity.Rendering.LightTransport.Runtime.dll
[702/798    0s] CopyFiles Library/PlayerScriptAssemblies/UnityEngine.UI.dll
[703/798    0s] CopyFiles Library/PlayerScriptAssemblies/Unity.Profiling.Core.dll
[704/798    0s] CopyFiles Library/PlayerScriptAssemblies/Unity.VisualScripting.State.dll
[705/798    0s] CopyFiles Library/PlayerScriptAssemblies/MoSimLib.dll
[706/798    0s] CopyFiles Library/PlayerScriptAssemblies/Unity.RenderPipelines.Universal.2D.Runtime.dll
[707/798    0s] CopyFiles Library/PlayerScriptAssemblies/Nobi.UiRoundedCorners.dll
[708/798    0s] CopyFiles Library/PlayerScriptAssemblies/Assembly-CSharp.dll
[709/798    0s] CopyFiles Library/PlayerScriptAssemblies/Unity.ResourceManager.dll
[710/798    0s] CopyFiles Library/PlayerScriptAssemblies/RoboGym.dll
[711/798    0s] CopyFiles Library/PlayerScriptAssemblies/Unity.VisualScripting.Core.dll
[712/798    0s] CopyFiles Library/PlayerScriptAssemblies/Reefscape.dll
[713/798    0s] CopyFiles Library/PlayerScriptAssemblies/Iron Panthers.dll
[714/798    0s] CopyFiles Library/PlayerScriptAssemblies/TechKnights.dll
[715/798    0s] CopyFiles Library/PlayerScriptAssemblies/Wildcats.dll
[716/798    0s] CopyFiles Library/PlayerScriptAssemblies/Unity.Timeline.dll
[717/798    0s] CopyFiles Library/PlayerScriptAssemblies/Unity.TextMeshPro.dll
[718/798    0s] CopyFiles Library/PlayerScriptAssemblies/GRR.dll
[719/798    0s] CopyFiles Library/PlayerScriptAssemblies/Unity.Burst.dll
[720/798    0s] CopyFiles Library/PlayerScriptAssemblies/Unity.InputSystem.dll
[721/798    0s] CopyFiles Library/PlayerScriptAssemblies/Unity.Cinemachine.dll
[722/798    0s] CopyFiles Library/PlayerScriptAssemblies/ChillOut.dll
[723/798    0s] CopyFiles Library/PlayerScriptAssemblies/RobotFramework.dll
[724/798    0s] CopyFiles Library/PlayerScriptAssemblies/Lanternfly.dll
[725/798    0s] CopyFiles Library/PlayerScriptAssemblies/Unity.Mathematics.dll
[726/798    0s] CopyFiles Library/PlayerScriptAssemblies/Unity.Recorder.Base.dll
[727/798    0s] CopyFiles Library/PlayerScriptAssemblies/Unity.RenderPipelines.Core.Runtime.dll
[728/798    0s] CopyFiles Library/PlayerScriptAssemblies/Unity.Recorder.dll
[729/798    0s] CopyFiles Library/PlayerScriptAssemblies/Simbotics.dll
[730/798    0s] CopyFiles Library/PlayerScriptAssemblies/Unity.RenderPipelines.ShaderGraph.ShaderGraphLibrary.dll
[731/798    0s] CopyFiles Library/PlayerScriptAssemblies/Alphabots.dll
[732/798    0s] CopyFiles Library/PlayerScriptAssemblies/Unity.RenderPipelines.Universal.Shaders.dll
[733/798    0s] CopyFiles Library/PlayerScriptAssemblies/Prototype.dll
[734/798    0s] CopyFiles Library/PlayerScriptAssemblies/Unity.Collections.dll
[735/798    0s] CopyFiles Library/PlayerScriptAssemblies/Spartan Robotics.dll
[736/798    0s] CopyFiles Library/PlayerScriptAssemblies/GameSystems.dll
[737/798    0s] CopyFiles Library/PlayerScriptAssemblies/Lynk.dll
[738/798    0s] CopyFiles Library/PlayerScriptAssemblies/Unity.RenderPipeline.Universal.ShaderLibrary.dll
[739/798    0s] CopyFiles Library/PlayerScriptAssemblies/Unity.Cinemachine.pdb
[740/798    0s] CopyFiles Library/PlayerScriptAssemblies/Unity.RenderPipelines.Universal.2D.Runtime.pdb
[741/798    0s] CopyFiles Library/PlayerScriptAssemblies/Unity.InputSystem.pdb
[742/798    0s] CopyFiles Library/PlayerScriptAssemblies/Unity.RenderPipelines.Universal.Shaders.pdb
[743/798    0s] CopyFiles Library/PlayerScriptAssemblies/Unity.Splines.pdb
[744/798    0s] CopyFiles Library/PlayerScriptAssemblies/Unity.Recorder.Base.pdb
[745/798    0s] CopyFiles Library/PlayerScriptAssemblies/Stuyv3.dll
[746/798    0s] CopyFiles Library/PlayerScriptAssemblies/Unity.ResourceManager.pdb
[747/798    0s] CopyFiles Library/PlayerScriptAssemblies/Unity.Profiling.Core.pdb
[748/798    0s] CopyFiles Library/PlayerScriptAssemblies/Unity.InputSystem.ForUI.dll
[749/798    0s] CopyFiles Library/PlayerScriptAssemblies/Unity.VisualScripting.Flow.dll
[750/798    0s] CopyFiles Library/PlayerScriptAssemblies/GRR.pdb
[751/798    0s] CopyFiles Library/PlayerScriptAssemblies/Unity.Rendering.LightTransport.Runtime.pdb
[752/798    0s] CopyFiles Library/PlayerScriptAssemblies/Unity.Collections.pdb
[753/798    0s] CopyFiles Library/PlayerScriptAssemblies/Unity.RenderPipelines.ShaderGraph.ShaderGraphLibrary.pdb
[754/798    0s] CopyFiles Library/PlayerScriptAssemblies/Unity.TextMeshPro.pdb
[755/798    0s] CopyFiles Library/PlayerScriptAssemblies/Unity.VisualScripting.Core.pdb
[756/798    0s] CopyFiles Library/PlayerScriptAssemblies/MoSimLib.pdb
[757/798    0s] CopyFiles Library/PlayerScriptAssemblies/Unity.AI.Navigation.pdb
[758/798    0s] CopyFiles Library/PlayerScriptAssemblies/Unity.VisualScripting.State.pdb
[759/798    0s] CopyFiles Library/PlayerScriptAssemblies/GameSystems.pdb
[760/798    0s] CopyFiles Library/PlayerScriptAssemblies/Unity.RenderPipelines.Core.ShaderLibrary.pdb
[761/798    0s] CopyFiles Library/PlayerScriptAssemblies/Stuyv3.pdb
[762/798    0s] CopyFiles Library/PlayerScriptAssemblies/Prototype.pdb
[763/798    0s] CopyFiles Library/PlayerScriptAssemblies/Simbotics.pdb
[764/798    0s] CopyFiles Library/PlayerScriptAssemblies/Unity.RenderPipelines.Universal.Runtime.pdb
[765/798    0s] CopyFiles Library/PlayerScriptAssemblies/Unity.RenderPipeline.Universal.ShaderLibrary.pdb
[766/798    0s] CopyFiles Library/PlayerScriptAssemblies/UnityEngine.UI.pdb
[767/798    0s] CopyFiles Library/PlayerScriptAssemblies/Lanternfly.pdb
[768/798    0s] CopyFiles Library/PlayerScriptAssemblies/Unity.Burst.pdb
[769/798    0s] CopyFiles Library/PlayerScriptAssemblies/Unity.VisualScripting.Flow.pdb
[770/798    0s] CopyFiles Library/PlayerScriptAssemblies/Nobi.UiRoundedCorners.pdb
[771/798    0s] CopyFiles Library/PlayerScriptAssemblies/Wildcats.pdb
[772/798    0s] CopyFiles Library/PlayerScriptAssemblies/Lynk.pdb
[773/798    0s] CopyFiles Library/PlayerScriptAssemblies/Reefscape.pdb
[774/798    0s] CopyFiles Library/PlayerScriptAssemblies/Unity.Recorder.pdb
[775/798    0s] CopyFiles Library/PlayerScriptAssemblies/Unity.RenderPipelines.Core.Runtime.pdb
[776/798    0s] CopyFiles Library/PlayerScriptAssemblies/Unity.InputSystem.ForUI.pdb
[777/798    0s] CopyFiles Library/PlayerScriptAssemblies/RobotFramework.pdb
[778/798    0s] CopyFiles Library/PlayerScriptAssemblies/Unity.Timeline.pdb
[779/798    0s] CopyFiles Library/PlayerScriptAssemblies/RoboGym.pdb
[780/798    0s] CopyFiles Library/PlayerScriptAssemblies/Unity.RenderPipelines.Core.Runtime.Shared.pdb
[781/798    0s] CopyFiles Library/PlayerScriptAssemblies/Unity.Addressables.pdb
[782/798    0s] CopyFiles Library/PlayerScriptAssemblies/MoSimCore.pdb
[783/798    0s] CopyFiles Library/PlayerScriptAssemblies/Spartan Robotics.pdb
[784/798    0s] CopyFiles Library/PlayerScriptAssemblies/ChillOut.pdb
[785/798    0s] CopyFiles Library/PlayerScriptAssemblies/Unity.ScriptableBuildPipeline.pdb
[786/798    0s] CopyFiles Library/PlayerScriptAssemblies/Alphabots.pdb
[787/798    0s] CopyFiles Library/PlayerScriptAssemblies/TechKnights.pdb
[788/798    0s] CopyFiles Library/PlayerScriptAssemblies/StuyPulse.pdb
[789/798    0s] CopyFiles Library/PlayerScriptAssemblies/Unity.Addressables.dll
[790/798    0s] CopyFiles Library/PlayerScriptAssemblies/Unity.Splines.dll
[791/798    0s] CopyFiles Library/PlayerScriptAssemblies/Unity.RenderPipelines.Core.Runtime.Shared.dll
[792/798    0s] CopyFiles Library/PlayerScriptAssemblies/StuyPulse.dll
[793/798    0s] CopyFiles Library/PlayerScriptAssemblies/Assembly-CSharp.pdb
[794/798    0s] CopyFiles Library/PlayerScriptAssemblies/Unity.Mathematics.pdb
[795/798    0s] CopyFiles Library/PlayerScriptAssemblies/Iron Panthers.pdb
[797/798    0s] BuildPlayerDataGenerator Library/BuildPlayerData/Player/RuntimeInitializeOnLoads.json (+1 other)
*** Tundra build success (1.26 seconds), 103 items updated, 798 evaluated
Starting: C:\Program Files\Unity\Hub\Editor\2023.2.22f1\Editor\Data\bee_backend.exe --dont-print-to-structured-log --ipc --defer-dag-verification --dagfile="Library/Bee/1900b0aE.dag" --continue-on-failure --profile="Library/Bee/backend1.traceevents" ScriptAssembliesAndTypeDB
WorkingDir: C:/Users/bluec/Desktop/MoSim-Reefscape-Public
ExitCode: 0 Duration: 0s990ms
[ 612/1159  0s] WriteResponseFile Library/Bee/artifacts/rsp/4747638433968585886.rsp
[ 883/1159  0s] ILPP-Configuration Library/ilpp-configuration.nevergeneratedoutput
[1158/1159  0s] BuildPlayerDataGenerator Library/BuildPlayerData/Editor/TypeDb-All.json
*** Tundra build success (0.97 seconds), 3 items updated, 1159 evaluated
DisplayProgressbar: Post Scripts Callback
DisplayProgressbar: Calculate Scene Dependency Data
DisplayProgressbar: Calculate Asset Dependency Data
Refreshing native plugins compatible for Editor in 1.26 ms, found 6 plugins.
Preloading 0 native plugins for Editor in 0.00 ms.
DisplayProgressbar: Add Hash To Bundle Name Task
DisplayProgressbar: Strip Unused Sprite Sources
DisplayProgressbar: Create Built In Bundle
DisplayProgressbar: Create Mono Script Bundle
DisplayProgressbar: Post Dependency Callback
DisplayProgressbar: Generate Bundle Packing
DisplayProgressbar: Update Bundle Object Layout
DisplayProgressbar: Generate Bundle Commands
DisplayProgressbar: Generate Sub Asset Path Maps
DisplayProgressbar: Generate Bundle Maps
DisplayProgressbar: Post Packing Callback
DisplayProgressbar: Write Serialized Files
Compiling shader "Shader Graphs/LEDs" pass "Universal Forward" (vp)
Launched and connected shader compiler UnityShaderCompiler.exe after 0.01 seconds
    Full variant space:         221184
    After settings filtering:   6144
    After built-in stripping:   12
    After scriptable stripping: 2
    Processed in 0.09 seconds
    starting compilation...
Launched and connected shader compiler UnityShaderCompiler.exe after 0.01 seconds
Launched and connected shader compiler UnityShaderCompiler.exe after 0.01 seconds
    finished in 0.09 seconds. Local cache hits 0 (0.00s CPU time), remote cache hits 0 (0.00s CPU time), compiled 2 variants (0.17s CPU time), skipped 0 variants
    Prepared data for serialisation in 0.00s
Compiling shader "Shader Graphs/LEDs" pass "Universal Forward" (fp)
    Full variant space:         1132462080
    After settings filtering:   24576
    After built-in stripping:   48
    After scriptable stripping: 8
    Processed in 0.00 seconds
    starting compilation...
Launched and connected shader compiler UnityShaderCompiler.exe after 0.01 seconds
Launched and connected shader compiler UnityShaderCompiler.exe after 0.01 seconds
Launched and connected shader compiler UnityShaderCompiler.exe after 0.01 seconds
Launched and connected shader compiler UnityShaderCompiler.exe after 0.01 seconds
Launched and connected shader compiler UnityShaderCompiler.exe after 0.01 seconds
    finished in 0.41 seconds. Local cache hits 0 (0.00s CPU time), remote cache hits 0 (0.00s CPU time), compiled 8 variants (2.50s CPU time), skipped 0 variants
    Prepared data for serialisation in 0.00s
Compiling shader "Shader Graphs/LEDs" pass "GBuffer" (vp)
    Full variant space:         24576
    After settings filtering:   4096
    After built-in stripping:   8
    After scriptable stripping: 0
    Processed in 0.00 seconds
    Prepared data for serialisation in 0.00s
Compiling shader "Shader Graphs/LEDs" pass "ShadowCaster" (vp)
    Full variant space:         16
    After settings filtering:   16
    After built-in stripping:   4
    After scriptable stripping: 1
    Processed in 0.00 seconds
    starting compilation...
    finished in 0.04 seconds. Local cache hits 0 (0.00s CPU time), remote cache hits 0 (0.00s CPU time), compiled 1 variants (0.04s CPU time), skipped 0 variants
    Prepared data for serialisation in 0.00s
Compiling shader "Shader Graphs/LEDs" pass "ShadowCaster" (fp)
    Full variant space:         8
    After settings filtering:   8
    After built-in stripping:   2
    After scriptable stripping: 1
    Processed in 0.00 seconds
    starting compilation...
    finished in 0.03 seconds. Local cache hits 0 (0.00s CPU time), remote cache hits 0 (0.00s CPU time), compiled 1 variants (0.03s CPU time), skipped 0 variants
    Prepared data for serialisation in 0.00s
Compiling shader "Shader Graphs/LEDs" pass "MotionVectors" (vp)
    Full variant space:         8
    After settings filtering:   8
    After built-in stripping:   2
    After scriptable stripping: 1
    Processed in 0.00 seconds
    starting compilation...
    finished in 0.04 seconds. Local cache hits 0 (0.00s CPU time), remote cache hits 0 (0.00s CPU time), compiled 1 variants (0.04s CPU time), skipped 0 variants
    Prepared data for serialisation in 0.00s
Compiling shader "Shader Graphs/LEDs" pass "MotionVectors" (fp)
    Full variant space:         16
    After settings filtering:   8
    After built-in stripping:   2
    After scriptable stripping: 1
    Processed in 0.00 seconds
    starting compilation...
    finished in 0.03 seconds. Local cache hits 0 (0.00s CPU time), remote cache hits 0 (0.00s CPU time), compiled 1 variants (0.03s CPU time), skipped 0 variants
    Prepared data for serialisation in 0.00s
Compiling shader "Shader Graphs/LEDs" pass "DepthOnly" (vp)
    Full variant space:         8
    After settings filtering:   8
    After built-in stripping:   2
    After scriptable stripping: 1
    Processed in 0.00 seconds
    starting compilation...
    finished in 0.03 seconds. Local cache hits 0 (0.00s CPU time), remote cache hits 0 (0.00s CPU time), compiled 1 variants (0.03s CPU time), skipped 0 variants
    Prepared data for serialisation in 0.00s
Compiling shader "Shader Graphs/LEDs" pass "DepthOnly" (fp)
    Full variant space:         8
    After settings filtering:   8
    After built-in stripping:   2
    After scriptable stripping: 1
    Processed in 0.00 seconds
    starting compilation...
    finished in 0.03 seconds. Local cache hits 0 (0.00s CPU time), remote cache hits 0 (0.00s CPU time), compiled 1 variants (0.03s CPU time), skipped 0 variants
    Prepared data for serialisation in 0.00s
Compiling shader "Shader Graphs/LEDs" pass "DepthNormals" (vp)
    Full variant space:         8
    After settings filtering:   8
    After built-in stripping:   2
    After scriptable stripping: 1
    Processed in 0.00 seconds
    starting compilation...
    finished in 0.03 seconds. Local cache hits 0 (0.00s CPU time), remote cache hits 0 (0.00s CPU time), compiled 1 variants (0.03s CPU time), skipped 0 variants
    Prepared data for serialisation in 0.00s
Compiling shader "Shader Graphs/LEDs" pass "DepthNormals" (fp)
    Full variant space:         16
    After settings filtering:   8
    After built-in stripping:   2
    After scriptable stripping: 1
    Processed in 0.00 seconds
    starting compilation...
    finished in 0.04 seconds. Local cache hits 0 (0.00s CPU time), remote cache hits 0 (0.00s CPU time), compiled 1 variants (0.04s CPU time), skipped 0 variants
    Prepared data for serialisation in 0.00s
Compiling shader "Shader Graphs/LEDs" pass "Universal 2D" (vp)
    Full variant space:         2
    After settings filtering:   2
    After built-in stripping:   2
    After scriptable stripping: 1
    Processed in 0.00 seconds
    starting compilation...
    finished in 0.04 seconds. Local cache hits 0 (0.00s CPU time), remote cache hits 0 (0.00s CPU time), compiled 1 variants (0.04s CPU time), skipped 0 variants
    Prepared data for serialisation in 0.00s
Compiling shader "Shader Graphs/LEDs" pass "Universal 2D" (fp)
    Full variant space:         2
    After settings filtering:   2
    After built-in stripping:   2
    After scriptable stripping: 1
    Processed in 0.00 seconds
    starting compilation...
    finished in 0.03 seconds. Local cache hits 0 (0.00s CPU time), remote cache hits 0 (0.00s CPU time), compiled 1 variants (0.03s CPU time), skipped 0 variants
    Prepared data for serialisation in 0.00s
Serialized binary data for shader Shader Graphs/LEDs in 0.00s
    d3d11 (total internal programs: 20, unique: 20)
Compiling shader "Hidden/Core/FallbackError" pass "" (vp)
    Full variant space:         3
    After settings filtering:   3
    After built-in stripping:   1
    After scriptable stripping: 1
    Processed in 0.00 seconds
    starting compilation...
    finished in 0.00 seconds. Local cache hits 1 (0.00s CPU time), remote cache hits 0 (0.00s CPU time), compiled 0 variants (0.00s CPU time), skipped 0 variants
    Prepared data for serialisation in 0.00s
Compiling shader "Hidden/Core/FallbackError" pass "" (fp)
    Full variant space:         3
    After settings filtering:   3
    After built-in stripping:   1
    After scriptable stripping: 1
    Processed in 0.00 seconds
    starting compilation...
    finished in 0.00 seconds. Local cache hits 1 (0.00s CPU time), remote cache hits 0 (0.00s CPU time), compiled 0 variants (0.00s CPU time), skipped 0 variants
    Prepared data for serialisation in 0.00s
Serialized binary data for shader Hidden/Core/FallbackError in 0.00s
    d3d11 (total internal programs: 2, unique: 2)
Compiling shader "Universal Render Pipeline/Lit" pass "ForwardLit" (vp)
    Full variant space:         1327104
    After settings filtering:   18432
    After built-in stripping:   72
    After scriptable stripping: 12
    Processed in 0.00 seconds
    starting compilation...
    finished in 0.00 seconds. Local cache hits 12 (0.01s CPU time), remote cache hits 0 (0.00s CPU time), compiled 0 variants (0.00s CPU time), skipped 0 variants
    Prepared data for serialisation in 0.00s
Compiling shader "Universal Render Pipeline/Lit" pass "ForwardLit" (fp)
    Full variant space:         15854469120
    After settings filtering:   344064
    After built-in stripping:   1344
    After scriptable stripping: 224
    Processed in 0.01 seconds
    starting compilation...
    finished in 0.01 seconds. Local cache hits 224 (0.14s CPU time), remote cache hits 0 (0.00s CPU time), compiled 0 variants (0.00s CPU time), skipped 0 variants
    Prepared data for serialisation in 0.00s
Compiling shader "Universal Render Pipeline/Lit" pass "ShadowCaster" (vp)
    Full variant space:         8
    After settings filtering:   8
    After built-in stripping:   4
    After scriptable stripping: 2
    Processed in 0.00 seconds
    starting compilation...
    finished in 0.00 seconds. Local cache hits 2 (0.00s CPU time), remote cache hits 0 (0.00s CPU time), compiled 0 variants (0.00s CPU time), skipped 0 variants
    Prepared data for serialisation in 0.00s
Compiling shader "Universal Render Pipeline/Lit" pass "ShadowCaster" (fp)
    Full variant space:         8
    After settings filtering:   8
    After built-in stripping:   4
    After scriptable stripping: 4
    Processed in 0.00 seconds
    starting compilation...
    finished in 0.00 seconds. Local cache hits 4 (0.00s CPU time), remote cache hits 0 (0.00s CPU time), compiled 0 variants (0.00s CPU time), skipped 0 variants
    Prepared data for serialisation in 0.00s
Compiling shader "Universal Render Pipeline/Lit" pass "GBuffer" (vp)
    Full variant space:         4608
    After settings filtering:   768
    After built-in stripping:   12
    After scriptable stripping: 0
    Processed in 0.00 seconds
    Prepared data for serialisation in 0.00s
Compiling shader "Universal Render Pipeline/Lit" pass "DepthOnly" (vp)
    Full variant space:         4
    After settings filtering:   4
    After built-in stripping:   2
    After scriptable stripping: 2
    Processed in 0.00 seconds
    starting compilation...
    finished in 0.00 seconds. Local cache hits 2 (0.00s CPU time), remote cache hits 0 (0.00s CPU time), compiled 0 variants (0.00s CPU time), skipped 0 variants
    Prepared data for serialisation in 0.00s
Compiling shader "Universal Render Pipeline/Lit" pass "DepthOnly" (fp)
    Full variant space:         8
    After settings filtering:   8
    After built-in stripping:   4
    After scriptable stripping: 4
    Processed in 0.00 seconds
    starting compilation...
    finished in 0.00 seconds. Local cache hits 4 (0.00s CPU time), remote cache hits 0 (0.00s CPU time), compiled 0 variants (0.00s CPU time), skipped 0 variants
    Prepared data for serialisation in 0.00s
Compiling shader "Universal Render Pipeline/Lit" pass "DepthNormals" (vp)
    Full variant space:         12
    After settings filtering:   12
    After built-in stripping:   6
    After scriptable stripping: 6
    Processed in 0.00 seconds
    starting compilation...
    finished in 0.00 seconds. Local cache hits 6 (0.00s CPU time), remote cache hits 0 (0.00s CPU time), compiled 0 variants (0.00s CPU time), skipped 0 variants
    Prepared data for serialisation in 0.00s
Compiling shader "Universal Render Pipeline/Lit" pass "DepthNormals" (fp)
    Full variant space:         48
    After settings filtering:   24
    After built-in stripping:   12
    After scriptable stripping: 12
    Processed in 0.00 seconds
    starting compilation...
    finished in 0.00 seconds. Local cache hits 12 (0.00s CPU time), remote cache hits 0 (0.00s CPU time), compiled 0 variants (0.00s CPU time), skipped 0 variants
    Prepared data for serialisation in 0.00s
Compiling shader "Universal Render Pipeline/Lit" pass "Universal2D" (vp)
    Full variant space:         2
    After settings filtering:   2
    After built-in stripping:   1
    After scriptable stripping: 0
    Processed in 0.00 seconds
    Prepared data for serialisation in 0.00s
Compiling shader "Universal Render Pipeline/Lit" pass "MotionVectors" (vp)
    Full variant space:         8
    After settings filtering:   8
    After built-in stripping:   4
    After scriptable stripping: 2
    Processed in 0.00 seconds
    starting compilation...
    finished in 0.00 seconds. Local cache hits 2 (0.00s CPU time), remote cache hits 0 (0.00s CPU time), compiled 0 variants (0.00s CPU time), skipped 0 variants
    Prepared data for serialisation in 0.00s
Compiling shader "Universal Render Pipeline/Lit" pass "MotionVectors" (fp)
    Full variant space:         16
    After settings filtering:   16
    After built-in stripping:   8
    After scriptable stripping: 4
    Processed in 0.00 seconds
    starting compilation...
    finished in 0.00 seconds. Local cache hits 4 (0.00s CPU time), remote cache hits 0 (0.00s CPU time), compiled 0 variants (0.00s CPU time), skipped 0 variants
    Prepared data for serialisation in 0.00s
Serialized binary data for shader Universal Render Pipeline/Lit in 0.00s
    d3d11 (total internal programs: 272, unique: 272)
Compressed shader 'Universal Render Pipeline/Lit' on d3d11 from 2.75MB to 0.28MB
Compressed shader 'Universal Render Pipeline/Lit' in 0.08s
Compiling shader "TextMeshPro/Distance Field" pass "" (vp)
    Full variant space:         4
    After settings filtering:   4
    After built-in stripping:   4
    After scriptable stripping: 4
    Processed in 0.00 seconds
    starting compilation...
    finished in 0.00 seconds. Local cache hits 4 (0.00s CPU time), remote cache hits 0 (0.00s CPU time), compiled 0 variants (0.00s CPU time), skipped 0 variants
    Prepared data for serialisation in 0.00s
Compiling shader "TextMeshPro/Distance Field" pass "" (fp)
    Full variant space:         4
    After settings filtering:   4
    After built-in stripping:   4
    After scriptable stripping: 4
    Processed in 0.00 seconds
    starting compilation...
    finished in 0.00 seconds. Local cache hits 4 (0.00s CPU time), remote cache hits 0 (0.00s CPU time), compiled 0 variants (0.00s CPU time), skipped 0 variants
    Prepared data for serialisation in 0.00s
Serialized binary data for shader TextMeshPro/Distance Field in 0.00s
    d3d11 (total internal programs: 8, unique: 8)
Compiling shader "Hidden/Universal Render Pipeline/FallbackError" pass "" (vp)
    Full variant space:         6
    After settings filtering:   6
    After built-in stripping:   1
    After scriptable stripping: 1
    Processed in 0.00 seconds
    starting compilation...
    finished in 0.00 seconds. Local cache hits 1 (0.00s CPU time), remote cache hits 0 (0.00s CPU time), compiled 0 variants (0.00s CPU time), skipped 0 variants
    Prepared data for serialisation in 0.00s
Compiling shader "Hidden/Universal Render Pipeline/FallbackError" pass "" (fp)
    Full variant space:         6
    After settings filtering:   6
    After built-in stripping:   1
    After scriptable stripping: 1
    Processed in 0.00 seconds
    starting compilation...
    finished in 0.00 seconds. Local cache hits 1 (0.00s CPU time), remote cache hits 0 (0.00s CPU time), compiled 0 variants (0.00s CPU time), skipped 0 variants
    Prepared data for serialisation in 0.00s
Serialized binary data for shader Hidden/Universal Render Pipeline/FallbackError in 0.00s
    d3d11 (total internal programs: 2, unique: 2)
Compiling shader "Hidden/Shader Graph/FallbackError" pass "" (vp)
    Full variant space:         4
    After settings filtering:   4
    After built-in stripping:   1
    After scriptable stripping: 1
    Processed in 0.00 seconds
    starting compilation...
    finished in 0.00 seconds. Local cache hits 1 (0.00s CPU time), remote cache hits 0 (0.00s CPU time), compiled 0 variants (0.00s CPU time), skipped 0 variants
    Prepared data for serialisation in 0.00s
Compiling shader "Hidden/Shader Graph/FallbackError" pass "" (fp)
    Full variant space:         4
    After settings filtering:   4
    After built-in stripping:   1
    After scriptable stripping: 1
    Processed in 0.00 seconds
    starting compilation...
    finished in 0.00 seconds. Local cache hits 1 (0.00s CPU time), remote cache hits 0 (0.00s CPU time), compiled 0 variants (0.00s CPU time), skipped 0 variants
    Prepared data for serialisation in 0.00s
Serialized binary data for shader Hidden/Shader Graph/FallbackError in 0.00s
    d3d11 (total internal programs: 2, unique: 2)
Compiling shader "TextMeshPro/Mobile/Distance Field" pass "" (vp)
    Full variant space:         4
    After settings filtering:   4
    After built-in stripping:   4
    After scriptable stripping: 4
    Processed in 0.00 seconds
    starting compilation...
    finished in 0.00 seconds. Local cache hits 4 (0.00s CPU time), remote cache hits 0 (0.00s CPU time), compiled 0 variants (0.00s CPU time), skipped 0 variants
    Prepared data for serialisation in 0.00s
Compiling shader "TextMeshPro/Mobile/Distance Field" pass "" (fp)
    Full variant space:         4
    After settings filtering:   4
    After built-in stripping:   4
    After scriptable stripping: 4
    Processed in 0.00 seconds
    starting compilation...
    finished in 0.00 seconds. Local cache hits 4 (0.00s CPU time), remote cache hits 0 (0.00s CPU time), compiled 0 variants (0.00s CPU time), skipped 0 variants
    Prepared data for serialisation in 0.00s
Serialized binary data for shader TextMeshPro/Mobile/Distance Field in 0.00s
    d3d11 (total internal programs: 8, unique: 8)
Request Asset Garbage Collect because used heap size increased from 224.3 MB to 4.01 GB, exceeding the threshold of 2.00 GB.
Unloading 501 Unused Serialized files (Serialized files now loaded: 0)
Unloading 130533 unused Assets / (0.50 GB). Loaded Objects now: 7948.
Memory consumption went from 4.00 GB to 3.50 GB.
Total: 103.151200 ms (FindLiveObjects: 5.311200 ms CreateObjectMapping: 5.900600 ms MarkObjects: 30.272200 ms  DeleteObjects: 61.666300 ms)

DisplayProgressbar: Archive And Compress Bundles
DisplayProgressbar: Generate Location Lists Task
[Licensing::Client] Successfully resolved entitlements
DisplayProgressbar: Post Writing Callback
DisplayProgressbar: Extract Data Task
Unloading 329 Unused Serialized files (Serialized files now loaded: 0)
Unloading 89428 unused Assets / (273.4 MB). Loaded Objects now: 7947.
Memory consumption went from 0.68 GB to 426.0 MB.
Total: 66.937100 ms (FindLiveObjects: 3.100900 ms CreateObjectMapping: 3.219100 ms MarkObjects: 24.610100 ms  DeleteObjects: 36.005800 ms)

DisplayProgressbar: Post Processing AssetBundles
DisplayProgressbar: Post Processing Catalog Entries
Addressable content successfully built (duration : 0:01:09.505)
UnityEngine.Debug:ExtractStackTraceNoAlloc (byte*,int,string)
UnityEngine.StackTraceUtility:ExtractStackTrace ()
UnityEngine.DebugLogHandler:Internal_Log (UnityEngine.LogType,UnityEngine.LogOption,string,UnityEngine.Object)
UnityEngine.DebugLogHandler:LogFormat (UnityEngine.LogType,UnityEngine.Object,string,object[])
UnityEngine.Logger:Log (UnityEngine.LogType,object)
UnityEngine.Debug:Log (object)
UnityEditor.AddressableAssets.Settings.AddressableAssetSettings:BuildPlayerContentImpl (UnityEditor.AddressableAssets.Build.AddressablesDataBuilderInput,bool) (at ./Library/PackageCache/com.unity.addressables@2.7.6/Editor/Settings/AddressableAssetSettings.cs:3092)
UnityEditor.AddressableAssets.Settings.AddressableAssetSettings:BuildPlayerContent (UnityEditor.AddressableAssets.Build.AddressablesPlayerBuildResult&,UnityEditor.AddressableAssets.Build.AddressablesDataBuilderInput) (at ./Library/PackageCache/com.unity.addressables@2.7.6/Editor/Settings/AddressableAssetSettings.cs:2994)
UnityEditor.AddressableAssets.Settings.AddressableAssetSettings:BuildPlayerContent (UnityEditor.AddressableAssets.Build.AddressablesPlayerBuildResult&) (at ./Library/PackageCache/com.unity.addressables@2.7.6/Editor/Settings/AddressableAssetSettings.cs:2971)
Editor.AddressablesModExporter:BuildOneGroup (UnityEditor.AddressableAssets.Settings.AddressableAssetSettings,Editor.AddressablesModExporter/ModBuildSpec) (at Assets/Editor/AddressablesModExporter.cs:199)
Editor.AddressablesModExporter:BuildAndExport (System.Collections.Generic.List`1<Editor.AddressablesModExporter/ModBuildSpec>) (at Assets/Editor/AddressablesModExporter.cs:124)
Editor.AddressablesModExporter:BuildFromCommandLine () (at Assets/Editor/AddressablesModExporter.cs:347)

(Filename: ./Library/PackageCache/com.unity.addressables@2.7.6/Editor/Settings/AddressableAssetSettings.cs Line: 3092)

Start importing Assets/AddressableAssetsData/Windows/addressables_content_state.bin using Guid(e93f4cbc087e20f4a86add04f2502722) (DefaultImporter) -> (artifact id: 'c07d60731d5abb39a24947cd69d056c4') in 0.0132378 seconds
Refreshing native plugins compatible for Editor in 0.81 ms, found 6 plugins.
Preloading 0 native plugins for Editor in 0.00 ms.
Asset Pipeline Refresh (id=d2b0a3e3b1cfbf34f8d5427d7610ab34): Total: 0.056 seconds - Initiated by RefreshV2(NoUpdateAssetOptions)
Zipped mod folder to C:/Users/bluec/Desktop/MoSim-Reefscape-Public/Assets\..\Mods\NY Modpack v2.1.0 Windows.zip
UnityEngine.Debug:ExtractStackTraceNoAlloc (byte*,int,string)
UnityEngine.StackTraceUtility:ExtractStackTrace ()
UnityEngine.DebugLogHandler:Internal_Log (UnityEngine.LogType,UnityEngine.LogOption,string,UnityEngine.Object)
UnityEngine.DebugLogHandler:LogFormat (UnityEngine.LogType,UnityEngine.Object,string,object[])
UnityEngine.Logger:Log (UnityEngine.LogType,object)
UnityEngine.Debug:Log (object)
Editor.AddressablesModExporter:ZipAndCleanup (string,string,string,string,string) (at Assets/Editor/AddressablesModExporter.cs:270)
Editor.AddressablesModExporter:ExportGroup (string,string,string) (at Assets/Editor/AddressablesModExporter.cs:246)
Editor.AddressablesModExporter:BuildAndExport (System.Collections.Generic.List`1<Editor.AddressablesModExporter/ModBuildSpec>) (at Assets/Editor/AddressablesModExporter.cs:129)
Editor.AddressablesModExporter:BuildFromCommandLine () (at Assets/Editor/AddressablesModExporter.cs:347)

(Filename: Assets/Editor/AddressablesModExporter.cs Line: 270)

Build and export complete.
UnityEngine.Debug:ExtractStackTraceNoAlloc (byte*,int,string)
UnityEngine.StackTraceUtility:ExtractStackTrace ()
UnityEngine.DebugLogHandler:Internal_Log (UnityEngine.LogType,UnityEngine.LogOption,string,UnityEngine.Object)
UnityEngine.DebugLogHandler:LogFormat (UnityEngine.LogType,UnityEngine.Object,string,object[])
UnityEngine.Logger:Log (UnityEngine.LogType,object)
UnityEngine.Debug:Log (object)
Editor.AddressablesModExporter:BuildAndExport (System.Collections.Generic.List`1<Editor.AddressablesModExporter/ModBuildSpec>) (at Assets/Editor/AddressablesModExporter.cs:132)
Editor.AddressablesModExporter:BuildFromCommandLine () (at Assets/Editor/AddressablesModExporter.cs:347)

(Filename: Assets/Editor/AddressablesModExporter.cs Line: 132)

Clearing [Kardust TS Condensed Bold Italic SDF] dynamic font asset data.
UnityEngine.Debug:ExtractStackTraceNoAlloc (byte*,int,string)
UnityEngine.StackTraceUtility:ExtractStackTrace ()
UnityEngine.DebugLogHandler:Internal_Log (UnityEngine.LogType,UnityEngine.LogOption,string,UnityEngine.Object)
UnityEngine.DebugLogHandler:LogFormat (UnityEngine.LogType,UnityEngine.Object,string,object[])
UnityEngine.Logger:Log (UnityEngine.LogType,object)
UnityEngine.Debug:Log (object)
TMPro.EditorEventCallbacks/<>c:<InitializeFontAssetResourceChangeCallBacks>b__0_0 () (at ./Library/PackageCache/com.unity.ugui@2.0.0/Editor/TMP/TMP_EditorResourceManager.cs:36)
UnityEditor.EditorApplication:Internal_EditorApplicationQuit ()
Editor.AddressablesModExporter:BuildFromCommandLine () (at Assets/Editor/AddressablesModExporter.cs:348)

(Filename: ./Library/PackageCache/com.unity.ugui@2.0.0/Editor/TMP/TMP_EditorResourceManager.cs Line: 36)

Clearing [Megahertz In Regular SDF] dynamic font asset data.
UnityEngine.Debug:ExtractStackTraceNoAlloc (byte*,int,string)
UnityEngine.StackTraceUtility:ExtractStackTrace ()
UnityEngine.DebugLogHandler:Internal_Log (UnityEngine.LogType,UnityEngine.LogOption,string,UnityEngine.Object)
UnityEngine.DebugLogHandler:LogFormat (UnityEngine.LogType,UnityEngine.Object,string,object[])
UnityEngine.Logger:Log (UnityEngine.LogType,object)
UnityEngine.Debug:Log (object)
TMPro.EditorEventCallbacks/<>c:<InitializeFontAssetResourceChangeCallBacks>b__0_0 () (at ./Library/PackageCache/com.unity.ugui@2.0.0/Editor/TMP/TMP_EditorResourceManager.cs:36)
UnityEditor.EditorApplication:Internal_EditorApplicationQuit ()
Editor.AddressablesModExporter:BuildFromCommandLine () (at Assets/Editor/AddressablesModExporter.cs:348)

(Filename: ./Library/PackageCache/com.unity.ugui@2.0.0/Editor/TMP/TMP_EditorResourceManager.cs Line: 36)

Clearing [Anton SDF] dynamic font asset data.
UnityEngine.Debug:ExtractStackTraceNoAlloc (byte*,int,string)
UnityEngine.StackTraceUtility:ExtractStackTrace ()
UnityEngine.DebugLogHandler:Internal_Log (UnityEngine.LogType,UnityEngine.LogOption,string,UnityEngine.Object)
UnityEngine.DebugLogHandler:LogFormat (UnityEngine.LogType,UnityEngine.Object,string,object[])
UnityEngine.Logger:Log (UnityEngine.LogType,object)
UnityEngine.Debug:Log (object)
TMPro.EditorEventCallbacks/<>c:<InitializeFontAssetResourceChangeCallBacks>b__0_0 () (at ./Library/PackageCache/com.unity.ugui@2.0.0/Editor/TMP/TMP_EditorResourceManager.cs:36)
UnityEditor.EditorApplication:Internal_EditorApplicationQuit ()
Editor.AddressablesModExporter:BuildFromCommandLine () (at Assets/Editor/AddressablesModExporter.cs:348)

(Filename: ./Library/PackageCache/com.unity.ugui@2.0.0/Editor/TMP/TMP_EditorResourceManager.cs Line: 36)

Clearing [Bangers SDF] dynamic font asset data.
UnityEngine.Debug:ExtractStackTraceNoAlloc (byte*,int,string)
UnityEngine.StackTraceUtility:ExtractStackTrace ()
UnityEngine.DebugLogHandler:Internal_Log (UnityEngine.LogType,UnityEngine.LogOption,string,UnityEngine.Object)
UnityEngine.DebugLogHandler:LogFormat (UnityEngine.LogType,UnityEngine.Object,string,object[])
UnityEngine.Logger:Log (UnityEngine.LogType,object)
UnityEngine.Debug:Log (object)
TMPro.EditorEventCallbacks/<>c:<InitializeFontAssetResourceChangeCallBacks>b__0_0 () (at ./Library/PackageCache/com.unity.ugui@2.0.0/Editor/TMP/TMP_EditorResourceManager.cs:36)
UnityEditor.EditorApplication:Internal_EditorApplicationQuit ()
Editor.AddressablesModExporter:BuildFromCommandLine () (at Assets/Editor/AddressablesModExporter.cs:348)

(Filename: ./Library/PackageCache/com.unity.ugui@2.0.0/Editor/TMP/TMP_EditorResourceManager.cs Line: 36)

Clearing [Electronic Highway Sign SDF] dynamic font asset data.
UnityEngine.Debug:ExtractStackTraceNoAlloc (byte*,int,string)
UnityEngine.StackTraceUtility:ExtractStackTrace ()
UnityEngine.DebugLogHandler:Internal_Log (UnityEngine.LogType,UnityEngine.LogOption,string,UnityEngine.Object)
UnityEngine.DebugLogHandler:LogFormat (UnityEngine.LogType,UnityEngine.Object,string,object[])
UnityEngine.Logger:Log (UnityEngine.LogType,object)
UnityEngine.Debug:Log (object)
TMPro.EditorEventCallbacks/<>c:<InitializeFontAssetResourceChangeCallBacks>b__0_0 () (at ./Library/PackageCache/com.unity.ugui@2.0.0/Editor/TMP/TMP_EditorResourceManager.cs:36)
UnityEditor.EditorApplication:Internal_EditorApplicationQuit ()
Editor.AddressablesModExporter:BuildFromCommandLine () (at Assets/Editor/AddressablesModExporter.cs:348)

(Filename: ./Library/PackageCache/com.unity.ugui@2.0.0/Editor/TMP/TMP_EditorResourceManager.cs Line: 36)

Clearing [Oswald Bold SDF] dynamic font asset data.
UnityEngine.Debug:ExtractStackTraceNoAlloc (byte*,int,string)
UnityEngine.StackTraceUtility:ExtractStackTrace ()
UnityEngine.DebugLogHandler:Internal_Log (UnityEngine.LogType,UnityEngine.LogOption,string,UnityEngine.Object)
UnityEngine.DebugLogHandler:LogFormat (UnityEngine.LogType,UnityEngine.Object,string,object[])
UnityEngine.Logger:Log (UnityEngine.LogType,object)
UnityEngine.Debug:Log (object)
TMPro.EditorEventCallbacks/<>c:<InitializeFontAssetResourceChangeCallBacks>b__0_0 () (at ./Library/PackageCache/com.unity.ugui@2.0.0/Editor/TMP/TMP_EditorResourceManager.cs:36)
UnityEditor.EditorApplication:Internal_EditorApplicationQuit ()
Editor.AddressablesModExporter:BuildFromCommandLine () (at Assets/Editor/AddressablesModExporter.cs:348)

(Filename: ./Library/PackageCache/com.unity.ugui@2.0.0/Editor/TMP/TMP_EditorResourceManager.cs Line: 36)

Clearing [Roboto-Bold SDF] dynamic font asset data.
UnityEngine.Debug:ExtractStackTraceNoAlloc (byte*,int,string)
UnityEngine.StackTraceUtility:ExtractStackTrace ()
UnityEngine.DebugLogHandler:Internal_Log (UnityEngine.LogType,UnityEngine.LogOption,string,UnityEngine.Object)
UnityEngine.DebugLogHandler:LogFormat (UnityEngine.LogType,UnityEngine.Object,string,object[])
UnityEngine.Logger:Log (UnityEngine.LogType,object)
UnityEngine.Debug:Log (object)
TMPro.EditorEventCallbacks/<>c:<InitializeFontAssetResourceChangeCallBacks>b__0_0 () (at ./Library/PackageCache/com.unity.ugui@2.0.0/Editor/TMP/TMP_EditorResourceManager.cs:36)
UnityEditor.EditorApplication:Internal_EditorApplicationQuit ()
Editor.AddressablesModExporter:BuildFromCommandLine () (at Assets/Editor/AddressablesModExporter.cs:348)

(Filename: ./Library/PackageCache/com.unity.ugui@2.0.0/Editor/TMP/TMP_EditorResourceManager.cs Line: 36)

Clearing [Orbitron-VariableFont_wght SDF] dynamic font asset data.
UnityEngine.Debug:ExtractStackTraceNoAlloc (byte*,int,string)
UnityEngine.StackTraceUtility:ExtractStackTrace ()
UnityEngine.DebugLogHandler:Internal_Log (UnityEngine.LogType,UnityEngine.LogOption,string,UnityEngine.Object)
UnityEngine.DebugLogHandler:LogFormat (UnityEngine.LogType,UnityEngine.Object,string,object[])
UnityEngine.Logger:Log (UnityEngine.LogType,object)
UnityEngine.Debug:Log (object)
TMPro.EditorEventCallbacks/<>c:<InitializeFontAssetResourceChangeCallBacks>b__0_0 () (at ./Library/PackageCache/com.unity.ugui@2.0.0/Editor/TMP/TMP_EditorResourceManager.cs:36)
UnityEditor.EditorApplication:Internal_EditorApplicationQuit ()
Editor.AddressablesModExporter:BuildFromCommandLine () (at Assets/Editor/AddressablesModExporter.cs:348)

(Filename: ./Library/PackageCache/com.unity.ugui@2.0.0/Editor/TMP/TMP_EditorResourceManager.cs Line: 36)

Clearing [Orbitron_Main_Menu] dynamic font asset data.
UnityEngine.Debug:ExtractStackTraceNoAlloc (byte*,int,string)
UnityEngine.StackTraceUtility:ExtractStackTrace ()
UnityEngine.DebugLogHandler:Internal_Log (UnityEngine.LogType,UnityEngine.LogOption,string,UnityEngine.Object)
UnityEngine.DebugLogHandler:LogFormat (UnityEngine.LogType,UnityEngine.Object,string,object[])
UnityEngine.Logger:Log (UnityEngine.LogType,object)
UnityEngine.Debug:Log (object)
TMPro.EditorEventCallbacks/<>c:<InitializeFontAssetResourceChangeCallBacks>b__0_0 () (at ./Library/PackageCache/com.unity.ugui@2.0.0/Editor/TMP/TMP_EditorResourceManager.cs:36)
UnityEditor.EditorApplication:Internal_EditorApplicationQuit ()
Editor.AddressablesModExporter:BuildFromCommandLine () (at Assets/Editor/AddressablesModExporter.cs:348)

(Filename: ./Library/PackageCache/com.unity.ugui@2.0.0/Editor/TMP/TMP_EditorResourceManager.cs Line: 36)

Clearing [LiberationSans SDF - Fallback] dynamic font asset data.
UnityEngine.Debug:ExtractStackTraceNoAlloc (byte*,int,string)
UnityEngine.StackTraceUtility:ExtractStackTrace ()
UnityEngine.DebugLogHandler:Internal_Log (UnityEngine.LogType,UnityEngine.LogOption,string,UnityEngine.Object)
UnityEngine.DebugLogHandler:LogFormat (UnityEngine.LogType,UnityEngine.Object,string,object[])
UnityEngine.Logger:Log (UnityEngine.LogType,object)
UnityEngine.Debug:Log (object)
TMPro.EditorEventCallbacks/<>c:<InitializeFontAssetResourceChangeCallBacks>b__0_0 () (at ./Library/PackageCache/com.unity.ugui@2.0.0/Editor/TMP/TMP_EditorResourceManager.cs:36)
UnityEditor.EditorApplication:Internal_EditorApplicationQuit ()
Editor.AddressablesModExporter:BuildFromCommandLine () (at Assets/Editor/AddressablesModExporter.cs:348)

(Filename: ./Library/PackageCache/com.unity.ugui@2.0.0/Editor/TMP/TMP_EditorResourceManager.cs Line: 36)

Start importing Assets/TextMesh Pro/Examples & Extras/Resources/Fonts & Materials/Oswald Bold SDF.asset using Guid(0161d805a3764c089bef00bfe00793f5) (NativeFormatImporter) -> (artifact id: '99ea32ee63e2dbafd725dd64135e0457') in 0.0018117 seconds
Start importing Assets/AddressableAssetsData/AssetGroups/Schemas/NY Modpack_BundledAssetGroupSchema.asset using Guid(311a62cf5faa7d141853f9dcff62d97c) (NativeFormatImporter) -> (artifact id: '1c2df2d5354051dbb18bddd8b7a06d7b') in 0.0010133 seconds
Start importing Assets/Settings/URP-Balanced.asset using Guid(e1260c1148f6143b28bae5ace5e9c5d1) (NativeFormatImporter) -> (artifact id: '2f1f0e1c3fa824fd655090c75fdece4a') in 0.0008451 seconds
Start importing Assets/TextMesh Pro/Examples & Extras/Resources/Fonts & Materials/Bangers SDF.asset using Guid(125cb55b44b24c4393181402bc6200e6) (NativeFormatImporter) -> (artifact id: '2c22dcba32997ed31eb2370fecec6c75') in 0.0018477 seconds
Start importing Assets/TextMesh Pro/Examples & Extras/Resources/Fonts & Materials/Roboto-Bold SDF.asset using Guid(5302535af1044152a457ed104f1f4b91) (NativeFormatImporter) -> (artifact id: '2c0c50b16bada3b99bb19c8cce14eb39') in 0.0017547 seconds
Start importing Assets/Imports/Fonts/Kardust TS Condensed Bold Italic SDF.asset using Guid(44e19a5c696205449a28e60897197379) (NativeFormatImporter) -> (artifact id: '809c96ab16c01261e27bdb3b4fb8c3ad') in 0.0011591 seconds
Start importing Assets/Imports/Fonts/Megahertz In Regular SDF.asset using Guid(e454897a0fcfdbd42a554ba94c2302ae) (NativeFormatImporter) -> (artifact id: 'cb510b5d39692ab09d6987773c64b3ac') in 0.0010159 seconds
Start importing Assets/AddressableAssetsData/AssetGroups/Schemas/China Modpack_BundledAssetGroupSchema.asset using Guid(a58b984c5740b144dba6c62d0ff5bf0b) (NativeFormatImporter) -> (artifact id: '77680c11cc434b40f69ad1063c6fdf9d') in 0.0008336 seconds
Start importing Assets/TextMesh Pro/Fonts/Orbitron-VariableFont_wght SDF.asset using Guid(384bb11c1fa15014591838a6229e947c) (NativeFormatImporter) -> (artifact id: '863a03e4f83530add06a874b2f2a9074') in 0.0011708 seconds
Start importing Assets/TextMesh Pro/Fonts/Orbitron_Main_Menu.asset using Guid(a9aeab6d3f84ed54f96da6ae0b36e175) (NativeFormatImporter) -> (artifact id: '6754457c089ef3621c93c42510dc1526') in 0.0011538 seconds
Start importing Assets/TextMesh Pro/Examples & Extras/Resources/Fonts & Materials/Anton SDF.asset using Guid(8a89fa14b10d46a99122fd4f73fca9a2) (NativeFormatImporter) -> (artifact id: 'e324e4298722cc9c64e26000f321f040') in 0.0009121 seconds
Start importing Assets/TextMesh Pro/Examples & Extras/Resources/Fonts & Materials/Electronic Highway Sign SDF.asset using Guid(dc36b3fdc14f47ebb36fd484a67e268a) (NativeFormatImporter) -> (artifact id: '7d7269abeb72285f8f84be48fa0af92e') in 0.0010046 seconds
Start importing Assets/TextMesh Pro/Resources/Fonts & Materials/LiberationSans SDF - Fallback.asset using Guid(2e498d1c8094910479dc3e1b768306a4) (NativeFormatImporter) -> (artifact id: '9443c4f7b9b3f7b5d87d77b97aabc217') in 0.0010207 seconds
Refreshing native plugins compatible for Editor in 1.00 ms, found 6 plugins.
Preloading 0 native plugins for Editor in 0.00 ms.
Asset Pipeline Refresh (id=204988e91e0cb92409e5805b810f1bee): Total: 0.042 seconds - Initiated by StopAssetImportingV2(NoUpdateAssetOptions)
[Licensing::IpcConnector] License Notification channel disconnected successfully.
[Licensing::IpcConnector] License Client channel disconnected successfully.
AcceleratorClientConnectionCallback - disconnected - :0
Cleanup mono
13:01:29.926 |V| RiderPlugin                    | :1                             | AppDomain.CurrentDomain.DomainUnload lifetimeDefinition.Terminate
[Performance] WinEditorMain                                                                                                  :        1 samples, Peak.   505 ms (1.0x), Avg.   505 ms, Total. 504.8 ms (0.6%)
[Performance] WinEditorMain.ConfigureCrashHandler                                                                            :        1 samples, Peak.  14.7 us (1.0x), Avg.  14.7 us, Total. 14.70 us (0.0%)
[Performance] WinEditorMain.CurlRequestInitialize                                                                            :        1 samples, Peak.   613 us (1.0x), Avg.   613 us, Total. 612.7 us (0.0%)
[Performance] WinEditorMain.SetupLogFile                                                                                     :        1 samples, Peak.   209 us (1.0x), Avg.   209 us, Total. 209.4 us (0.0%)
[Performance] WinEditorMain.RunNativeTestsIfRequiredAndExit                                                                  :        1 samples, Peak.   100 ns (1.0x), Avg.   100 ns, Total. 100.0 ns (0.0%)
[Performance] WinEditorMain.Licensing                                                                                        :        1 samples, Peak.   491 ms (1.0x), Avg.   491 ms, Total. 490.7 ms (0.6%)
[Performance] WinEditorMain.InitializeCrashHandler                                                                           :        1 samples, Peak.  11.2 ms (1.0x), Avg.  11.2 ms, Total. 11.23 ms (0.0%)
[Performance] WinEditorMain.CreateApplication                                                                                :        1 samples, Peak.   144 us (1.0x), Avg.   144 us, Total. 144.0 us (0.0%)
[Performance] Application.InitializeProject                                                                                  :        1 samples, Peak.  5.01 s (1.0x), Avg.  5.01 s, Total. 5.014 s (5.9%)
[Performance] Application.PackageManager.StartServer                                                                         :        1 samples, Peak.  2.67 ms (1.0x), Avg.  2.67 ms, Total. 2.674 ms (0.0%)
[Performance] Application.AcquireProjectLock                                                                                 :        1 samples, Peak.  2.53 ms (1.0x), Avg.  2.53 ms, Total. 2.525 ms (0.0%)
[Performance] Application.InitializeEngineNoGraphics                                                                         :        1 samples, Peak.  35.0 ms (1.0x), Avg.  35.0 ms, Total. 35.04 ms (0.0%)
[Performance] Application.PackageManager.Initialize                                                                          :        1 samples, Peak.   220 ms (1.0x), Avg.   220 ms, Total. 220.1 ms (0.3%)
[Performance] Connecting to Package Manager                                                                                  :       23 samples, Peak.  67.7 us (17.1x), Avg.  3.96 us, Total. 91.10 us (0.0%)
[Performance] Application.EngineGraphics.Initialize                                                                          :        1 samples, Peak.  52.2 ms (1.0x), Avg.  52.2 ms, Total. 52.21 ms (0.1%)
[Performance] Application.GI.Initialize                                                                                      :        1 samples, Peak.  2.83 ms (1.0x), Avg.  2.83 ms, Total. 2.826 ms (0.0%)
[Performance] Application.LoadAllDefaultResourcesFromEditor                                                                  :        1 samples, Peak.  1.06 ms (1.0x), Avg.  1.06 ms, Total. 1.057 ms (0.0%)
[Performance] Application.LoadMonoAssemblies                                                                                 :        1 samples, Peak.   398 ms (1.0x), Avg.   398 ms, Total. 397.7 ms (0.5%)
[Performance] RestoreManagedReferences                                                                                       :        2 samples, Peak.  68.2 ms (2.0x), Avg.  34.1 ms, Total. 68.24 ms (0.1%)
[Performance] AssemblyReloadEvents.afterAssemblyReload: UnityEditor.SceneTemplate.SceneTemplateService.AfterAssemblyReload   :        2 samples, Peak.  2.58 ms (1.7x), Avg.  1.48 ms, Total. 2.970 ms (0.0%)
[Performance] ProcessService.EditorAfterLoadAllAssemblies                                                                    :        2 samples, Peak.   310 us (1.2x), Avg.   255 us, Total. 509.4 us (0.0%)
[Performance] Application.ReadLicenseInfo                                                                                    :        1 samples, Peak.  12.4 ms (1.0x), Avg.  12.4 ms, Total. 12.41 ms (0.0%)
[Performance] Application.InitialRefresh                                                                                     :        1 samples, Peak.  3.70 s (1.0x), Avg.  3.70 s, Total. 3.702 s (4.4%)
[Performance] AssetDatabase.InitialRefresh                                                                                   :        1 samples, Peak.  3.70 s (1.0x), Avg.  3.70 s, Total. 3.698 s (4.4%)
[Performance] ShaderImporter.SourceAssetModified                                                                             :        4 samples, Peak.   800 ns (1.3x), Avg.   625 ns, Total. 2.500 us (0.0%)
[Performance] ShaderIncludeImporter.SourceAssetModified                                                                      :        4 samples, Peak.   800 ns (1.3x), Avg.   625 ns, Total. 2.500 us (0.0%)
[Performance] Compiling Scripts                                                                                              :        1 samples, Peak.   461 ms (1.0x), Avg.   461 ms, Total. 461.3 ms (0.5%)
[Performance] AssemblyReloadEvents.beforeAssemblyReload: UnityEditor.SceneTemplate.SceneTemplateService.BeforeAssemblyReload :        1 samples, Peak.   548 us (1.0x), Avg.   548 us, Total. 547.5 us (0.0%)
[Performance] EditorResources.Load                                                                                           :       20 samples, Peak.  29.1 ms (18.5x), Avg.  1.57 ms, Total. 31.39 ms (0.0%)
[Performance] DidReloadScriptsTestRunnerWindow.CompilationCallback                                                           :        1 samples, Peak.   135 us (1.0x), Avg.   135 us, Total. 135.4 us (0.0%)
[Performance] DidReloadScriptsTestListCache.ScriptReloaded                                                                   :        1 samples, Peak.   879 us (1.0x), Avg.   879 us, Total. 879.4 us (0.0%)
[Performance] DidReloadScriptsLookDev.OnEditorReload                                                                         :        1 samples, Peak.   200 us (1.0x), Avg.   200 us, Total. 199.8 us (0.0%)
[Performance] DidReloadScriptsDebugWindow.OnEditorReload                                                                     :        1 samples, Peak.  6.19 ms (1.0x), Avg.  6.19 ms, Total. 6.188 ms (0.0%)
[Performance] DidReloadScriptsVolumeComponentEditor.OnEditorReload                                                           :        1 samples, Peak.  22.7 ms (1.0x), Avg.  22.7 ms, Total. 22.72 ms (0.0%)
[Performance] DidReloadScriptsAdvancedDropdownWindow.OnScriptReload                                                          :        2 samples, Peak.   319 us (1.3x), Avg.   239 us, Total. 477.6 us (0.0%)
[Performance] DidReloadScriptsCinemachineVirtualCameraBase.OnScriptReload                                                    :        1 samples, Peak.   187 us (1.0x), Avg.   187 us, Total. 187.0 us (0.0%)
[Performance] DidReloadScriptsCinemachineExtension.OnScriptReload                                                            :        1 samples, Peak.   648 us (1.0x), Avg.   648 us, Total. 647.8 us (0.0%)
[Performance] DidReloadScriptsEditorMenuExtensions.FindAndCloseAllContextMenus                                               :        1 samples, Peak.  12.5 ms (1.0x), Avg.  12.5 ms, Total. 12.50 ms (0.0%)
[Performance] AssetDatabase.ImportAssets                                                                                     :        8 samples, Peak.  63.2 ms (4.8x), Avg.  13.1 ms, Total. 104.9 ms (0.1%)
[Performance] VersionControl.Task.Wait                                                                                       :        1 samples, Peak.  12.5 us (1.0x), Avg.  12.5 us, Total. 12.50 us (0.0%)
[Performance] SamplePostprocessor.OnPostprocessAllAssets                                                                     :       24 samples, Peak.   350 us (7.0x), Avg.  49.7 us, Total. 1.194 ms (0.0%)
[Performance] TMPro_TexturePostProcessor.OnPostprocessAllAssets                                                              :        8 samples, Peak.   601 us (2.1x), Avg.   282 us, Total. 2.257 ms (0.0%)
[Performance] CinemachineSettings.OnPostprocessAllAssets                                                                     :        8 samples, Peak.   304 us (3.4x), Avg.  89.1 us, Total. 712.5 us (0.0%)
[Performance] WindowAssetPostprocessingWatcher_Internal.OnPostprocessAllAssets                                               :        8 samples, Peak.  1.51 ms (3.5x), Avg.   431 us, Total. 3.451 ms (0.0%)
[Performance] AssetPostprocessor.OnPostprocessAllAssets                                                                      :        8 samples, Peak.   408 us (4.4x), Avg.  91.7 us, Total. 733.6 us (0.0%)
[Performance] BuilderAssetPostprocessor.OnPostprocessAllAssets                                                               :        8 samples, Peak.  3.47 ms (3.2x), Avg.  1.08 ms, Total. 8.605 ms (0.0%)
[Performance] AddressablesAssetPostProcessor.OnPostprocessAllAssets                                                          :        8 samples, Peak.  9.66 ms (3.9x), Avg.  2.49 ms, Total. 19.93 ms (0.0%)
[Performance] ArtifactBrowserPostProcessor.OnPostprocessAllAssets                                                            :        8 samples, Peak.   557 us (3.9x), Avg.   141 us, Total. 1.129 ms (0.0%)
[Performance] AssetEvents.OnPostprocessAllAssets                                                                             :       16 samples, Peak.   122 us (5.7x), Avg.  21.2 us, Total. 338.9 us (0.0%)
[Performance] AudioContainerPostProcessor.OnPostprocessAllAssets                                                             :        8 samples, Peak.  46.9 us (3.7x), Avg.  12.7 us, Total. 101.4 us (0.0%)
[Performance] AudioMixerPostprocessor.OnPostprocessAllAssets                                                                 :        8 samples, Peak.   197 us (3.9x), Avg.  50.2 us, Total. 401.4 us (0.0%)
[Performance] StyleCatalogPostProcessor.OnPostprocessAllAssets                                                               :        8 samples, Peak.  11.1 ms (4.0x), Avg.  2.77 ms, Total. 22.15 ms (0.0%)
[Performance] BuildCatalog                                                                                                   :        1 samples, Peak.  10.2 ms (1.0x), Avg.  10.2 ms, Total. 10.24 ms (0.0%)
[Performance] ModelImporterPostProcessor.OnPostprocessAllAssets                                                              :        8 samples, Peak.   610 us (2.5x), Avg.   240 us, Total. 1.917 ms (0.0%)
[Performance] AssetDatabaseProxy.OnPostprocessAllAssets                                                                      :        8 samples, Peak.   156 ms (4.0x), Avg.  39.1 ms, Total. 312.9 ms (0.4%)
[Performance] MaterialPostprocessor.OnPostprocessAllAssets                                                                   :       16 samples, Peak.   755 us (4.7x), Avg.   160 us, Total. 2.560 ms (0.0%)
[Performance] UniversalRenderPipelineGlobalSettingsPostprocessor.OnPostprocessAllAssets                                      :        8 samples, Peak.  6.55 ms (4.0x), Avg.  1.63 ms, Total. 13.07 ms (0.0%)
[Performance] RetainedModeAssetPostprocessor.OnPostprocessAllAssets                                                          :        8 samples, Peak.  2.61 ms (3.9x), Avg.   667 us, Total. 5.336 ms (0.0%)
[Performance] AssetChangedListener.OnPostprocessAllAssets                                                                    :        8 samples, Peak.  8.95 ms (3.9x), Avg.  2.32 ms, Total. 18.53 ms (0.0%)
[Performance] PostProcessor.OnPostprocessAllAssets                                                                           :        8 samples, Peak.  1.61 ms (5.8x), Avg.   280 us, Total. 2.237 ms (0.0%)
[Performance] ShaderGraphAssetPostProcessor.OnPostprocessAllAssets                                                           :        8 samples, Peak.  2.65 ms (3.2x), Avg.   822 us, Total. 6.578 ms (0.0%)
[Performance] SpeedTreePostProcessor.OnPostprocessAllAssets                                                                  :        8 samples, Peak.   152 us (3.8x), Avg.  39.9 us, Total. 319.5 us (0.0%)
[Performance] TerrainToolbarOverlayPostProcessor.OnPostprocessAllAssets                                                      :        8 samples, Peak.   450 us (4.0x), Avg.   113 us, Total. 903.7 us (0.0%)
[Performance] TextAssetPostProcessor.OnPostprocessAllAssets                                                                  :        8 samples, Peak.   331 us (3.2x), Avg.   104 us, Total. 833.9 us (0.0%)
[Performance] SpriteEditorTexturePostprocessor.OnPostprocessAllAssets                                                        :        8 samples, Peak.   793 us (3.7x), Avg.   217 us, Total. 1.737 ms (0.0%)
[Performance] AssetPathToTypes.OnPostprocessAllAssets                                                                        :        8 samples, Peak.   474 us (3.9x), Avg.   121 us, Total. 966.4 us (0.0%)
[Performance] SyncVS.PostprocessSyncProject                                                                                  :        4 samples, Peak.  3.55 ms (3.6x), Avg.   978 us, Total. 3.913 ms (0.0%)
[Performance] EditorApplication.projectChanged: UnityEditor.Audio.MixerEffectDefinitionReloader.OnProjectChanged             :        2 samples, Peak.  1.59 ms (1.7x), Avg.   929 us, Total. 1.858 ms (0.0%)
[Performance] EditorApplication.projectChanged: UnityEngine.InputSystem.LowLevel.NativeInputRuntime.OnProjectChanged         :        2 samples, Peak.   267 us (2.0x), Avg.   135 us, Total. 269.5 us (0.0%)
[Performance] Application.ImportPackagesAndSetTemplateWhenCreatingProject                                                    :        1 samples, Peak.  7.73 ms (1.0x), Avg.  7.73 ms, Total. 7.729 ms (0.0%)
[Performance] Application.SyncCurrentColorSpace                                                                              :        1 samples, Peak.  13.9 ms (1.0x), Avg.  13.9 ms, Total. 13.86 ms (0.0%)
[Performance] Application.OnUsbDevicesChanged                                                                                :        1 samples, Peak.  46.3 ms (1.0x), Avg.  46.3 ms, Total. 46.31 ms (0.1%)
[Performance] Application.AssetInstanceCacheUpdate                                                                           :        1 samples, Peak.   300 ns (1.0x), Avg.   300 ns, Total. 300.0 ns (0.0%)
[Performance] Application.UnityExtensions.Initialize                                                                         :        1 samples, Peak.  11.6 ms (1.0x), Avg.  11.6 ms, Total. 11.55 ms (0.0%)
[Performance] CodeEditorProjectSync.SyncEditorProject                                                                        :        1 samples, Peak.   134 ms (1.0x), Avg.   134 ms, Total. 134.1 ms (0.2%)
[Performance] Application.ExecuteStartups                                                                                    :        1 samples, Peak.  19.6 ms (1.0x), Avg.  19.6 ms, Total. 19.58 ms (0.0%)
[Performance] Menu.RegisterMenuInterface                                                                                     :       26 samples, Peak.  1.00 us (6.0x), Avg.   165 ns, Total. 4.300 us (0.0%)
[Performance] Gizmo.RebuildRenderers                                                                                         :        1 samples, Peak.  17.8 ms (1.0x), Avg.  17.8 ms, Total. 17.80 ms (0.0%)
[Performance] Gizmo.AddGizmoRenderers                                                                                        :      159 samples, Peak.  1.13 ms (42.2x), Avg.  26.6 us, Total. 4.235 ms (0.0%)
[Performance] Application.editorInitializingProject                                                                          :        1 samples, Peak.   134 ms (1.0x), Avg.   134 ms, Total. 134.0 ms (0.2%)
[Performance] Application.InitializeMenu                                                                                     :        1 samples, Peak.  69.4 ms (1.0x), Avg.  69.4 ms, Total. 69.45 ms (0.1%)
[Performance] Menu.RebuildAll                                                                                                :        1 samples, Peak.  69.4 ms (1.0x), Avg.  69.4 ms, Total. 69.43 ms (0.1%)
[Performance] Menu.BuildRegisteredMenuInterfaces                                                                             :        1 samples, Peak.  51.8 ms (1.0x), Avg.  51.8 ms, Total. 51.81 ms (0.1%)
[Performance] Menu.FilterMenuItem                                                                                            :     1029 samples, Peak.  21.8 ms (1012.1x), Avg.  21.5 us, Total. 22.12 ms (0.0%)
[Performance] UpdateAllMenus                                                                                                 :        1 samples, Peak.   414 us (1.0x), Avg.   414 us, Total. 413.9 us (0.0%)
[Performance] Menu.RebuildOSMainMenu                                                                                         :        2 samples, Peak.  18.7 ms (1.1x), Avg.  17.6 ms, Total. 35.16 ms (0.0%)
[Performance] EditorSceneManager.sceneClosing: UnityEditor.SceneVisibilityManager.EditorSceneManagerOnSceneClosing           :        2 samples, Peak.   163 us (1.9x), Avg.  84.6 us, Total. 169.2 us (0.0%)
[Performance] GUIView.RepaintAll.PlayerLoopController                                                                        :        2 samples, Peak.  1.70 us (1.2x), Avg.  1.45 us, Total. 2.900 us (0.0%)
[Performance] EditorSceneManager.newSceneCreated: UnityEditor.SceneTemplate.SceneTemplateService.OnNewSceneCreated           :        2 samples, Peak.   158 us (2.0x), Avg.  80.2 us, Total. 160.3 us (0.0%)
[Performance] EditorSceneManager.newSceneCreated: UnityEditor.SceneVisibilityManager.EditorSceneManagerOnNewSceneCreated     :        2 samples, Peak.   510 us (2.0x), Avg.   258 us, Total. 515.8 us (0.0%)
[Performance] EditorSceneManager.newSceneCreated: UnityEditor.SceneManagement.StageNavigationManager.OnNewSceneCreated       :        2 samples, Peak.   182 us (2.0x), Avg.  91.9 us, Total. 183.7 us (0.0%)
[Performance] Application.InvokeFinishedLoadingProject                                                                       :        1 samples, Peak.  38.1 ms (1.0x), Avg.  38.1 ms, Total. 38.07 ms (0.0%)
[Performance] ProcessService.OnProjectLoaded                                                                                 :        1 samples, Peak.   468 us (1.0x), Avg.   468 us, Total. 468.1 us (0.0%)
[Performance] StateMacroSavedEvent.OnWillSaveAssets                                                                          :        2 samples, Peak.   463 us (1.3x), Avg.   343 us, Total. 687.0 us (0.0%)
[Performance] FlowMacroSavedEvent.OnWillSaveAssets                                                                           :        2 samples, Peak.   181 us (1.5x), Avg.   121 us, Total. 241.2 us (0.0%)
[Performance] AssetModificationProcessor.OnWillSaveAssets                                                                    :        2 samples, Peak.   175 us (2.0x), Avg.  87.9 us, Total. 175.9 us (0.0%)
[Performance] BuilderAssetModificationProcessor.OnWillSaveAssets                                                             :        2 samples, Peak.   312 us (2.0x), Avg.   157 us, Total. 313.6 us (0.0%)
[Performance] TerrainModificationProcessor.OnWillSaveAssets                                                                  :        2 samples, Peak.   430 us (2.0x), Avg.   216 us, Total. 431.2 us (0.0%)
[Performance] AudioContainerModificationProcessor.OnWillSaveAssets                                                           :        2 samples, Peak.  42.1 us (1.9x), Avg.  21.7 us, Total. 43.40 us (0.0%)
[Performance] PresetManagerPostProcessor.OnPreprocessAsset                                                                   :       16 samples, Peak.   717 us (12.8x), Avg.  56.1 us, Total. 898.3 us (0.0%)
[Performance] CancelSplashScreenOnAssetChange.OnPreprocessAsset                                                              :       16 samples, Peak.   229 us (14.9x), Avg.  15.3 us, Total. 245.5 us (0.0%)
[Performance] ShaderGraphAssetPostProcessor.OnPreprocessAsset                                                                :       16 samples, Peak.   239 us (12.3x), Avg.  19.5 us, Total. 311.5 us (0.0%)
[Performance] GenerateAssemblyTypeInfos                                                                                      :        2 samples, Peak.  72.1 ms (1.2x), Avg.  59.0 ms, Total. 118.0 ms (0.1%)
[Performance] AssetDatabase.Refresh                                                                                          :        1 samples, Peak.  56.0 ms (1.0x), Avg.  56.0 ms, Total. 55.99 ms (0.1%)
[Performance] Application.Shutdown.SaveDefaultWindowPreferences                                                              :        1 samples, Peak.  75.1 us (1.0x), Avg.  75.1 us, Total. 75.10 us (0.0%)
[Performance] Application.Shutdown.SaveSceneManagerSetup                                                                     :        1 samples, Peak.   179 us (1.0x), Avg.   179 us, Total. 179.0 us (0.0%)
[Performance] Application.Shutdown.CleanupAllContainerWindows                                                                :        1 samples, Peak.  4.90 us (1.0x), Avg.  4.90 us, Total. 4.900 us (0.0%)
[Performance] EditorApplication.quitting: Unity.Burst.Editor.BurstLoader.OnEditorApplicationQuitting                         :        1 samples, Peak.  22.6 us (1.0x), Avg.  22.6 us, Total. 22.60 us (0.0%)
[Performance] EditorApplication.quitting: callback in TMPro.EditorEventCallbacks                                             :        1 samples, Peak.  75.7 ms (1.0x), Avg.  75.7 ms, Total. 75.68 ms (0.1%)
[Performance] EditorApplication.quitting: callback in UnityEditor.TextCore.Text.EditorEventCallbacks                         :        1 samples, Peak.  7.51 ms (1.0x), Avg.  7.51 ms, Total. 7.510 ms (0.0%)
[Performance] EditorApplication.quitting: ThreadingManager.WaitForOutstandingTasks                                           :        1 samples, Peak.   374 us (1.0x), Avg.   374 us, Total. 373.8 us (0.0%)
[Performance] Application.Shutdown.PauseProfilerSession                                                                      :        1 samples, Peak.  69.1 us (1.0x), Avg.  69.1 us, Total. 69.10 us (0.0%)
[Performance] Application.Shutdown.PauseAssetImportWorkers                                                                   :        1 samples, Peak.   324 us (1.0x), Avg.   324 us, Total. 323.8 us (0.0%)
[Performance] Application.Shutdown.SaveAssets                                                                                :        1 samples, Peak.   110 ms (1.0x), Avg.   110 ms, Total. 109.8 ms (0.1%)
[Performance] Application.Shutdown.CleanupRenderPipeline                                                                     :        1 samples, Peak.  1.90 us (1.0x), Avg.  1.90 us, Total. 1.900 us (0.0%)
[Performance] Application.Shutdown.StopPreloadManager                                                                        :        1 samples, Peak.  10.1 ms (1.0x), Avg.  10.1 ms, Total. 10.06 ms (0.0%)
[Performance] Application.Shutdown.DestroyWorld                                                                              :        1 samples, Peak.   458 us (1.0x), Avg.   458 us, Total. 458.4 us (0.0%)
[Performance] Application.Shutdown.CleanupAfterLoad                                                                          :        1 samples, Peak.   136 ms (1.0x), Avg.   136 ms, Total. 135.5 ms (0.2%)
[Performance] Application.Shutdown.Progress                                                                                  :        1 samples, Peak.  20.3 us (1.0x), Avg.  20.3 us, Total. 20.30 us (0.0%)
[Performance] Application.Shutdown.GICleanupManagers                                                                         :        1 samples, Peak.  1.16 ms (1.0x), Avg.  1.16 ms, Total. 1.155 ms (0.0%)
[Performance] Application.Shutdown.MenuCleanupClass                                                                          :        1 samples, Peak.   436 us (1.0x), Avg.   436 us, Total. 435.6 us (0.0%)
[Performance] Application.Shutdown.ADBSaveStateBeforeShutdown                                                                :        1 samples, Peak.  7.60 us (1.0x), Avg.  7.60 us, Total. 7.600 us (0.0%)
[Performance] Application.Shutdown.RemoteShutdown                                                                            :        1 samples, Peak.  1.30 us (1.0x), Avg.  1.30 us, Total. 1.300 us (0.0%)
[Performance] Application.Shutdown.CleanupVCProvider                                                                         :        1 samples, Peak.  11.2 us (1.0x), Avg.  11.2 us, Total. 11.20 us (0.0%)
[Performance] Application.Shutdown.InputShutdown                                                                             :        1 samples, Peak.   700 ns (1.0x), Avg.   700 ns, Total. 700.0 ns (0.0%)
[Performance] Application.Shutdown.GizmoManagerDestroy                                                                       :        1 samples, Peak.   701 us (1.0x), Avg.   701 us, Total. 700.8 us (0.0%)
[Performance] Application.Shutdown.ProfilerSession                                                                           :        1 samples, Peak.   128 us (1.0x), Avg.   128 us, Total. 128.0 us (0.0%)
[Performance] Application.Shutdown.ReleaseGfxWindowOnAllGUIViews                                                             :        1 samples, Peak.   300 ns (1.0x), Avg.   300 ns, Total. 300.0 ns (0.0%)
[Performance] Application.Shutdown.CleanupEngine                                                                             :        1 samples, Peak.  60.3 ms (1.0x), Avg.  60.3 ms, Total. 60.30 ms (0.1%)
[Performance] Application.Shutdown.CleanupAssetDatabase                                                                      :        1 samples, Peak.  21.3 ms (1.0x), Avg.  21.3 ms, Total. 21.29 ms (0.0%)
[Performance] Application.Shutdown.ScriptCompilationCleanUp                                                                  :        1 samples, Peak.  15.8 ms (1.0x), Avg.  15.8 ms, Total. 15.79 ms (0.0%)
[Performance] Application.Shutdown.DestroyJobSystem                                                                          :        1 samples, Peak.   140 us (1.0x), Avg.   140 us, Total. 140.3 us (0.0%)
[Performance] Application.Shutdown.CleanupPersistentManager                                                                  :        1 samples, Peak.  8.19 ms (1.0x), Avg.  8.19 ms, Total. 8.190 ms (0.0%)
[Performance] Application.Shutdown.CleanupAsyncReadManager                                                                   :        1 samples, Peak.   648 us (1.0x), Avg.   648 us, Total. 648.1 us (0.0%)
[Performance] Application.Shutdown.CleanupProgressBar                                                                        :        1 samples, Peak.   700 ns (1.0x), Avg.   700 ns, Total. 700.0 ns (0.0%)
[Performance] Application.Shutdown.CleanupMono                                                                               :        1 samples, Peak.  99.8 ms (1.0x), Avg.  99.8 ms, Total. 99.80 ms (0.1%)
[Performance] Application.Shutdown.CleanupStdConverters                                                                      :        1 samples, Peak.  5.60 us (1.0x), Avg.  5.60 us, Total. 5.600 us (0.0%)
[Performance] Application.Shutdown.UnloadAllPlatformSupportModuleNativeDlls                                                  :        1 samples, Peak.   400 ns (1.0x), Avg.   400 ns, Total. 400.0 ns (0.0%)
[Performance] Application.Shutdown.UnloadAllPlatformSupportNativeLibraries                                                   :        1 samples, Peak. 0.0 (-nan(ind)x), Avg. 0.0, Total. 0.0 (0.0%)
[Performance] Application.Shutdown.CleanupAutoDocumentation                                                                  :        1 samples, Peak.   232 us (1.0x), Avg.   232 us, Total. 232.1 us (0.0%)
[Performance] Application.Shutdown.ShaderNameManagerDestroy                                                                  :        1 samples, Peak.  31.3 us (1.0x), Avg.  31.3 us, Total. 31.30 us (0.0%)
[Performance] Application.Shutdown.CleanupCacheServer                                                                        :        1 samples, Peak. 100.0 ns (1.0x), Avg. 100.0 ns, Total. 100.00 ns (0.0%)
[Performance] Application.Shutdown.Virtualization_Shutdown                                                                   :        1 samples, Peak.   300 ns (1.0x), Avg.   300 ns, Total. 300.0 ns (0.0%)
[Performance] Application.Shutdown.DevConnections                                                                            :        1 samples, Peak.  74.6 us (1.0x), Avg.  74.6 us, Total. 74.60 us (0.0%)
Thread: ID 20008, CleanupSafetyData: safetyData 201b95b0
Thread: ID 20008, CleanupSafetyData: safetyData 201ba720
Thread: ID 20008, CleanupSafetyData: safetyData 201ba810
Thread: ID 20008, CleanupSafetyData: safetyData 21772840
Thread: ID 20008, CleanupSafetyData: safetyData 219571d0
Thread: ID 20008, CleanupSafetyData: safetyData 24f26ff0
Checking for leaked weakptr:
  Found no leaked weakptrs.
[Package Manager] Server process was shutdown
Memory Statistics:
[ALLOC_TEMP_TLS] TLS Allocator
  StackAllocators : 
    [ALLOC_TEMP_CurlRequest]
      Initial Block Size 64.0 KB
      Current Block Size 64.0 KB
      Peak Allocated Bytes 0 B
      Overflow Count 0
    [ALLOC_TEMP_MAIN]
      Initial Block Size 16.0 MB
      Current Block Size 126.5 MB
      Peak Allocated Bytes 66.4 MB
      Overflow Count 0
    [ALLOC_TEMP_Background Job.worker 4]
      Initial Block Size 32.0 KB
      Current Block Size 32.0 KB
      Peak Allocated Bytes 48 B
      Overflow Count 0
    [ALLOC_TEMP_Loading.PreloadManager]
      Initial Block Size 32.0 MB
      Current Block Size 32.0 MB
      Peak Allocated Bytes 46 B
      Overflow Count 0
    [ALLOC_TEMP_BakingJobs.worker 17]
      Initial Block Size 256.0 KB
      Current Block Size 256.0 KB
      Peak Allocated Bytes 42 B
      Overflow Count 0
    [ALLOC_TEMP_Background Job.worker 3]
      Initial Block Size 32.0 KB
      Current Block Size 32.0 KB
      Peak Allocated Bytes 48 B
      Overflow Count 0
    [ALLOC_TEMP_Job.worker 16]
      Initial Block Size 256.0 KB
      Current Block Size 256.0 KB
      Peak Allocated Bytes 14.9 KB
      Overflow Count 1
    [ALLOC_TEMP_Background Job.worker 7]
      Initial Block Size 32.0 KB
      Current Block Size 32.0 KB
      Peak Allocated Bytes 48 B
      Overflow Count 0
    [ALLOC_TEMP_Background Job.worker 6]
      Initial Block Size 32.0 KB
      Current Block Size 32.0 KB
      Peak Allocated Bytes 48 B
      Overflow Count 0
    [ALLOC_TEMP_CloudJob.worker 0]
      Initial Block Size 32.0 KB
      Current Block Size 32.0 KB
      Peak Allocated Bytes 8.3 KB
      Overflow Count 0
    [ALLOC_TEMP_AUDIO_FMOD (WASAPI) feeder thread]
      Initial Block Size 64.0 KB
      Current Block Size 64.0 KB
      Peak Allocated Bytes 58 B
      Overflow Count 0
    [ALLOC_TEMP_Job.worker 19]
      Initial Block Size 256.0 KB
      Current Block Size 256.0 KB
      Peak Allocated Bytes 16.4 KB
      Overflow Count 1
    [ALLOC_TEMP_Background Job.worker 12]
      Initial Block Size 32.0 KB
      Current Block Size 32.0 KB
      Peak Allocated Bytes 50 B
      Overflow Count 0
    [ALLOC_TEMP_Background Job.worker 2]
      Initial Block Size 32.0 KB
      Current Block Size 32.0 KB
      Peak Allocated Bytes 1.5 KB
      Overflow Count 0
    [ALLOC_TEMP_Background Job.worker 10]
      Initial Block Size 32.0 KB
      Current Block Size 32.0 KB
      Peak Allocated Bytes 50 B
      Overflow Count 0
    [ALLOC_TEMP_Background Job.worker 15]
      Initial Block Size 32.0 KB
      Current Block Size 32.0 KB
      Peak Allocated Bytes 50 B
      Overflow Count 0
    [ALLOC_TEMP_Job.worker 5]
      Initial Block Size 256.0 KB
      Current Block Size 1.5 MB
      Peak Allocated Bytes 1.5 MB
      Overflow Count 0
    [ALLOC_TEMP_AUDIO_FMOD mixer thread]
      Initial Block Size 64.0 KB
      Current Block Size 64.0 KB
      Peak Allocated Bytes 38 B
      Overflow Count 0
    [ALLOC_TEMP_Job.worker 20]
      Initial Block Size 256.0 KB
      Current Block Size 256.0 KB
      Peak Allocated Bytes 15.5 KB
      Overflow Count 1
    [ALLOC_TEMP_BakingJobs.worker 22]
      Initial Block Size 256.0 KB
      Current Block Size 256.0 KB
      Peak Allocated Bytes 42 B
      Overflow Count 0
    [ALLOC_TEMP_Background Job.worker 8]
      Initial Block Size 32.0 KB
      Current Block Size 32.0 KB
      Peak Allocated Bytes 48 B
      Overflow Count 0
    [ALLOC_TEMP_Background Job.worker 13]
      Initial Block Size 32.0 KB
      Current Block Size 32.0 KB
      Peak Allocated Bytes 50 B
      Overflow Count 0
    [ALLOC_TEMP_BakingJobs.worker 0]
      Initial Block Size 256.0 KB
      Current Block Size 256.0 KB
      Peak Allocated Bytes 40 B
      Overflow Count 0
    [ALLOC_TEMP_AssetGarbageCollectorHelper] x 23
      Initial Block Size 64.0 KB
      Current Block Size 64.0 KB
      Peak Allocated Bytes 0 B
      Overflow Count 0
    [ALLOC_TEMP_Background Job.worker 11]
      Initial Block Size 32.0 KB
      Current Block Size 32.0 KB
      Peak Allocated Bytes 50 B
      Overflow Count 0
    [ALLOC_TEMP_Profiler.Dispatcher]
      Initial Block Size 64.0 KB
      Current Block Size 64.0 KB
      Peak Allocated Bytes 0 B
      Overflow Count 0
    [ALLOC_TEMP_BakingJobs.worker 13]
      Initial Block Size 256.0 KB
      Current Block Size 256.0 KB
      Peak Allocated Bytes 42 B
      Overflow Count 0
    [ALLOC_TEMP_BakingJobs.worker 9]
      Initial Block Size 256.0 KB
      Current Block Size 256.0 KB
      Peak Allocated Bytes 40 B
      Overflow Count 0
    [ALLOC_TEMP_EditorTaskManager]
      Initial Block Size 64.0 KB
      Current Block Size 68.0 KB
      Peak Allocated Bytes 64.0 KB
      Overflow Count 0
    [ALLOC_TEMP_BakingJobs.worker 6]
      Initial Block Size 256.0 KB
      Current Block Size 256.0 KB
      Peak Allocated Bytes 40 B
      Overflow Count 0
    [ALLOC_TEMP_BakingJobs.worker 7]
      Initial Block Size 256.0 KB
      Current Block Size 256.0 KB
      Peak Allocated Bytes 40 B
      Overflow Count 0
    [ALLOC_TEMP_BakingJobs.worker 19]
      Initial Block Size 256.0 KB
      Current Block Size 256.0 KB
      Peak Allocated Bytes 42 B
      Overflow Count 0
    [ALLOC_TEMP_BakingJobs.worker 4]
      Initial Block Size 256.0 KB
      Current Block Size 256.0 KB
      Peak Allocated Bytes 40 B
      Overflow Count 0
    [ALLOC_TEMP_BakingJobs.worker 20]
      Initial Block Size 256.0 KB
      Current Block Size 256.0 KB
      Peak Allocated Bytes 42 B
      Overflow Count 0
    [ALLOC_TEMP_Background Job.worker 0]
      Initial Block Size 32.0 KB
      Current Block Size 32.0 KB
      Peak Allocated Bytes 48 B
      Overflow Count 0
    [ALLOC_TEMP_BakingJobs.worker 14]
      Initial Block Size 256.0 KB
      Current Block Size 256.0 KB
      Peak Allocated Bytes 42 B
      Overflow Count 0
    [ALLOC_TEMP_BakingJobs.worker 12]
      Initial Block Size 256.0 KB
      Current Block Size 256.0 KB
      Peak Allocated Bytes 42 B
      Overflow Count 0
    [ALLOC_TEMP_Job.worker 6]
      Initial Block Size 256.0 KB
      Current Block Size 1.5 MB
      Peak Allocated Bytes 1.5 MB
      Overflow Count 0
    [ALLOC_TEMP_BakingJobs.worker 10]
      Initial Block Size 256.0 KB
      Current Block Size 256.0 KB
      Peak Allocated Bytes 42 B
      Overflow Count 0
    [ALLOC_TEMP_Background Job.worker 14]
      Initial Block Size 32.0 KB
      Current Block Size 32.0 KB
      Peak Allocated Bytes 50 B
      Overflow Count 0
    [ALLOC_TEMP_Job.worker 8]
      Initial Block Size 256.0 KB
      Current Block Size 1.5 MB
      Peak Allocated Bytes 1.5 MB
      Overflow Count 0
    [ALLOC_TEMP_BakingJobs.worker 1]
      Initial Block Size 256.0 KB
      Current Block Size 256.0 KB
      Peak Allocated Bytes 40 B
      Overflow Count 0
    [ALLOC_TEMP_BatchDeleteObjects]
      Initial Block Size 64.0 KB
      Current Block Size 64.0 KB
      Peak Allocated Bytes 38 B
      Overflow Count 0
    [ALLOC_TEMP_BakingJobs.worker 5]
      Initial Block Size 256.0 KB
      Current Block Size 256.0 KB
      Peak Allocated Bytes 40 B
      Overflow Count 0
    [ALLOC_TEMP_AUDIO_FMOD stream thread]
      Initial Block Size 64.0 KB
      Current Block Size 64.0 KB
      Peak Allocated Bytes 40 B
      Overflow Count 0
    [ALLOC_TEMP_BakingJobs.worker 21]
      Initial Block Size 256.0 KB
      Current Block Size 256.0 KB
      Peak Allocated Bytes 42 B
      Overflow Count 0
    [ALLOC_TEMP_BakingJobs.worker 11]
      Initial Block Size 256.0 KB
      Current Block Size 256.0 KB
      Peak Allocated Bytes 42 B
      Overflow Count 0
    [ALLOC_TEMP_CoreBusinessMetricsCache]
      Initial Block Size 64.0 KB
      Current Block Size 64.0 KB
      Peak Allocated Bytes 7.5 KB
      Overflow Count 0
    [ALLOC_TEMP_BakingJobs.worker 18]
      Initial Block Size 256.0 KB
      Current Block Size 256.0 KB
      Peak Allocated Bytes 42 B
      Overflow Count 0
    [ALLOC_TEMP_Job.worker 11]
      Initial Block Size 256.0 KB
      Current Block Size 1.5 MB
      Peak Allocated Bytes 1.5 MB
      Overflow Count 0
    [ALLOC_TEMP_Job.worker 15]
      Initial Block Size 256.0 KB
      Current Block Size 256.0 KB
      Peak Allocated Bytes 13.2 KB
      Overflow Count 1
    [ALLOC_TEMP_BakingJobs.worker 16]
      Initial Block Size 256.0 KB
      Current Block Size 256.0 KB
      Peak Allocated Bytes 42 B
      Overflow Count 0
    [ALLOC_TEMP_Background Job.worker 9]
      Initial Block Size 32.0 KB
      Current Block Size 32.0 KB
      Peak Allocated Bytes 48 B
      Overflow Count 0
    [ALLOC_TEMP_Job.worker 0]
      Initial Block Size 256.0 KB
      Current Block Size 256.0 KB
      Peak Allocated Bytes 10.7 KB
      Overflow Count 1
    [ALLOC_TEMP_Job.worker 4]
      Initial Block Size 256.0 KB
      Current Block Size 1.0 MB
      Peak Allocated Bytes 1.0 MB
      Overflow Count 1
    [ALLOC_TEMP_Job.worker 14]
      Initial Block Size 256.0 KB
      Current Block Size 256.0 KB
      Peak Allocated Bytes 12.4 KB
      Overflow Count 1
    [ALLOC_TEMP_Job.worker 13]
      Initial Block Size 256.0 KB
      Current Block Size 1.5 MB
      Peak Allocated Bytes 1.5 MB
      Overflow Count 0
    [ALLOC_TEMP_Background Job.worker 1]
      Initial Block Size 32.0 KB
      Current Block Size 256.0 KB
      Peak Allocated Bytes 123.2 KB
      Overflow Count 4721
    [ALLOC_TEMP_BakingJobs.worker 23]
      Initial Block Size 256.0 KB
      Current Block Size 256.0 KB
      Peak Allocated Bytes 42 B
      Overflow Count 0
    [ALLOC_TEMP_Job.worker 1]
      Initial Block Size 256.0 KB
      Current Block Size 1.5 MB
      Peak Allocated Bytes 1.5 MB
      Overflow Count 0
    [ALLOC_TEMP_Job.worker 21]
      Initial Block Size 256.0 KB
      Current Block Size 256.0 KB
      Peak Allocated Bytes 12.4 KB
      Overflow Count 1
    [ALLOC_TEMP_BakingJobs.worker 3]
      Initial Block Size 256.0 KB
      Current Block Size 256.0 KB
      Peak Allocated Bytes 40 B
      Overflow Count 0
    [ALLOC_TEMP_Job.worker 3]
      Initial Block Size 256.0 KB
      Current Block Size 1.0 MB
      Peak Allocated Bytes 1.0 MB
      Overflow Count 0
    [ALLOC_TEMP_Background Job.worker 5]
      Initial Block Size 32.0 KB
      Current Block Size 32.0 KB
      Peak Allocated Bytes 48 B
      Overflow Count 0
    [ALLOC_TEMP_Job.worker 12]
      Initial Block Size 256.0 KB
      Current Block Size 1.5 MB
      Peak Allocated Bytes 1.5 MB
      Overflow Count 0
    [ALLOC_TEMP_DirMonitor]
      Initial Block Size 64.0 KB
      Current Block Size 64.0 KB
      Peak Allocated Bytes 1.5 KB
      Overflow Count 0
    [ALLOC_TEMP_Job.worker 22]
      Initial Block Size 256.0 KB
      Current Block Size 256.0 KB
      Peak Allocated Bytes 13.4 KB
      Overflow Count 1
    [ALLOC_TEMP_AssetDatabase.IOService]
      Initial Block Size 64.0 KB
      Current Block Size 64.0 KB
      Peak Allocated Bytes 48 B
      Overflow Count 0
    [ALLOC_TEMP_BakingJobs.worker 2]
      Initial Block Size 256.0 KB
      Current Block Size 256.0 KB
      Peak Allocated Bytes 40 B
      Overflow Count 0
    [ALLOC_TEMP_BakingJobs.worker 15]
      Initial Block Size 256.0 KB
      Current Block Size 256.0 KB
      Peak Allocated Bytes 42 B
      Overflow Count 0
    [ALLOC_TEMP_Job.worker 2]
      Initial Block Size 256.0 KB
      Current Block Size 1.0 MB
      Peak Allocated Bytes 1.0 MB
      Overflow Count 1
    [ALLOC_TEMP_Job.worker 10]
      Initial Block Size 256.0 KB
      Current Block Size 1.5 MB
      Peak Allocated Bytes 1.5 MB
      Overflow Count 0
    [ALLOC_TEMP_Job.worker 17]
      Initial Block Size 256.0 KB
      Current Block Size 256.0 KB
      Peak Allocated Bytes 13.0 KB
      Overflow Count 1
    [ALLOC_TEMP_Job.worker 7]
      Initial Block Size 256.0 KB
      Current Block Size 1.5 MB
      Peak Allocated Bytes 1.5 MB
      Overflow Count 0
    [ALLOC_TEMP_Job.worker 9]
      Initial Block Size 256.0 KB
      Current Block Size 1.5 MB
      Peak Allocated Bytes 1.5 MB
      Overflow Count 0
    [ALLOC_TEMP_Job.worker 18]
      Initial Block Size 256.0 KB
      Current Block Size 1.5 MB
      Peak Allocated Bytes 1.5 MB
      Overflow Count 0
    [ALLOC_TEMP_BakingJobs.worker 8]
      Initial Block Size 256.0 KB
      Current Block Size 256.0 KB
      Peak Allocated Bytes 40 B
      Overflow Count 0
    [ALLOC_TEMP_Loading.AsyncRead]
      Initial Block Size 64.0 KB
      Current Block Size 64.0 KB
      Peak Allocated Bytes 128 B
      Overflow Count 0
[ALLOC_MEMORYPROFILER]
  Requested Block Size 1.0 MB
  Peak Block count 8
  Peak Allocated memory 8.4 MB
  Peak Large allocation bytes 1.3 MB
[ALLOC_DEFAULT] Dual Thread Allocator
  Peak main deferred allocation count 4674
    [ALLOC_BUCKET]
      Large Block size 32.0 MB
      Used Block count 4
      Peak Allocated bytes 60.9 MB
    [ALLOC_DEFAULT_MAIN]
      Requested Block Size 16.0 MB
      Peak Block count 203
      Peak Allocated memory 3.24 GB
      Peak Large allocation bytes 91.5 MB
    [ALLOC_DEFAULT_THREAD]
      Requested Block Size 16.0 MB
      Peak Block count 1
      Peak Allocated memory 12.0 MB
      Peak Large allocation bytes 0 B
[ALLOC_TEMP_JOB_1_FRAME]
  Initial Block Size 2.0 MB
  Used Block Count 0
  Overflow Count (too large) 0
  Overflow Count (full) 0
[ALLOC_TEMP_JOB_2_FRAMES]
  Initial Block Size 2.0 MB
  Used Block Count 0
  Overflow Count (too large) 0
  Overflow Count (full) 0
[ALLOC_TEMP_JOB_4_FRAMES (JobTemp)]
  Initial Block Size 2.0 MB
  Used Block Count 1
  Overflow Count (too large) 0
  Overflow Count (full) 0
[ALLOC_TEMP_JOB_ASYNC (Background)]
  Initial Block Size 1.0 MB
  Used Block Count 1
  Overflow Count (too large) 0
  Overflow Count (full) 0
[ALLOC_GFX] Dual Thread Allocator
  Peak main deferred allocation count 454
    [ALLOC_BUCKET]
      Large Block size 32.0 MB
      Used Block count 4
      Peak Allocated bytes 60.9 MB
    [ALLOC_GFX_MAIN]
      Requested Block Size 16.0 MB
      Peak Block count 33
      Peak Allocated memory 0.52 GB
      Peak Large allocation bytes 30.9 MB
    [ALLOC_GFX_THREAD]
      Requested Block Size 16.0 MB
      Peak Block count 1
      Peak Allocated memory 293.6 KB
      Peak Large allocation bytes 0 B
[ALLOC_CACHEOBJECTS] Dual Thread Allocator
  Peak main deferred allocation count 119807
    [ALLOC_BUCKET]
      Large Block size 32.0 MB
      Used Block count 4
      Peak Allocated bytes 60.9 MB
    [ALLOC_CACHEOBJECTS_MAIN]
      Requested Block Size 4.0 MB
      Peak Block count 41
      Peak Allocated memory 0.57 GB
      Peak Large allocation bytes 427.1 MB
    [ALLOC_CACHEOBJECTS_THREAD]
      Requested Block Size 4.0 MB
      Peak Block count 1
      Peak Allocated memory 304 B
      Peak Large allocation bytes 0 B
[ALLOC_TYPETREE] Dual Thread Allocator
  Peak main deferred allocation count 3306
    [ALLOC_BUCKET]
      Large Block size 32.0 MB
      Used Block count 4
      Peak Allocated bytes 60.9 MB
    [ALLOC_TYPETREE_MAIN]
      Requested Block Size 2.0 MB
      Peak Block count 6
      Peak Allocated memory 11.9 MB
      Peak Large allocation bytes 0 B
    [ALLOC_TYPETREE_THREAD]
      Requested Block Size 2.0 MB
      Peak Block count 1
      Peak Allocated memory 1.9 KB
      Peak Large allocation bytes 0 B
[ALLOC_PROFILER]
  Requested Block Size 16.0 MB
  Peak Block count 1
  Peak Allocated memory 0.7 MB
  Peak Large allocation bytes 0 B
    [ALLOC_PROFILER_BUCKET]
      Large Block size 32.0 MB
      Used Block count 1
      Peak Allocated bytes 11.0 KB
[ALLOC_PROFILER_EDITOR]
  Requested Block Size 1.0 MB
  Peak Block count 0
  Peak Allocated memory 0 B
  Peak Large allocation bytes 0 B
    [ALLOC_PROFILER_BUCKET]
      Large Block size 32.0 MB
      Used Block count 1
      Peak Allocated bytes 11.0 KB
##utp:{"type":"MemoryLeaks","version":2,"phase":"Immediate","time":1787158890040,"processId":28132,"allocatedMemory":18643569,"memoryLabels":[{"Default":17549},{"Permanent":15300},{"NewDelete":77264},{"Thread":4230344},{"Manager":34106},{"VertexData":8},{"Geometry":816},{"Texture":160},{"Shader":77819},{"Material":24},{"GfxDevice":55384},{"Animation":328},{"Audio":4040},{"FontEngine":224},{"Physics":369},{"Serialization":968},{"Input":14816},{"JobScheduler":33024},{"Mono":32},{"ScriptingNativeRuntime":155060},{"BaseObject":1619504},{"Resource":1304},{"Renderer":2360},{"Transform":4646},{"File":976},{"WebCam":80},{"Culling":32},{"Terrain":953},{"Wind":24},{"STL":40},{"String":14539},{"DynamicArray":123273},{"HashMap":92063},{"Utility":2667150},{"Curl":1448},{"PoolAlloc":1768},{"AI":104},{"TypeTree":4493},{"ScriptManager":512},{"RuntimeInitializeOnLoadManager":64},{"SpriteAtlas":112},{"GI":7888},{"Director":8240},{"CloudService":7064},{"WebRequest":6257},{"VR":45953},{"SceneManager":496},{"Video":64},{"LazyScriptCache":32},{"NativeArray":8},{"Camera":17},{"Secure":1},{"Image":4096},{"SerializationCache":1576},{"APIUpdating":10320},{"Subsystems":336},{"VirtualTexturing":57888},{"StaticSafetyDebugInfo":278528},{"Analytics":544},{"Hierarchy":16},{"Gui":80},{"EditorUtility":58381},{"VersionControl":4},{"Undo":624},{"AssetDatabase":8846819},{"EditorGi":328},{"UnityConnect":24848},{"Collab":545},{"Upm":1728},{"DrivenProperties":72},{"LocalIPC":260},{"ProfilerEditor":9738},{"CoreBusinessMetrics":14018},{"Licensing":3656},{"AssetReference":32},{"IPCStream":32}]}
