[Licensing::Module] Trying to connect to existing licensing client channel...
[Licensing::IpcConnector] Successfully connected to the License Client on channel: "LicenseClient-bluec" at "2026-08-19T17:01:30.400172Z"
[Licensing::Client] Error: Code 10 while verifying Licensing Client signature (process Id: 20524, path: "C:/Program Files/Unity Hub/UnityLicensingClient_V1/Unity.Licensing.Client.exe")
[Licensing::Module] Error: LicensingClient has failed validation; ignoring
[Licensing::Client] Handshaking with LicensingClient:
  Version:                 1.17.4+4293ba1
  Session Id:              cd2b030377334007a5249c3a3db18490
  Correlation Id:          6657d5556fe14f7aba22f825985684fb
  External correlation Id: 8122487600074443332
  Machine Id:              5i+0XpAZnLkEaUnRXmCy049CLAM=
[Licensing::Module] Successfully connected to LicensingClient on channel: "LicenseClient-bluec" (connect: 0.00s, validation: 0.01s, handshake: 0.02s)
[Licensing::IpcConnector] Successfully connected to the License Notification on channel: "LicenseClient-bluec-notifications" at "2026-08-19T17:01:30.428691Z"
[Licensing::Module] Error: Access token is unavailable; failed to update
[Licensing::Client] Successfully updated license
Built from '2023.2/release' branch; Version is '2023.2.22f1 (6b19bf4f8115) revision 7018943'; Using compiler version '193431935'; Build Type 'Release'
OS: 'Windows 11  (10.0.26200) 64bit Core' Language: 'en' Physical Memory: 32223 MB
[Licensing::Client] Successfully resolved entitlements
[Licensing::Module] Serial number assigned to: "2474294347432-UnityPersXXXX"
BatchMode: 1, IsHumanControllingUs: 0, StartBugReporterOnCrash: 0, Is64bit: 1, IsPro: 0

COMMAND LINE ARGUMENTS:
C:\Program Files\Unity\Hub\Editor\2023.2.22f1\Editor\Unity.exe
-batchmode
-quit
-nographics
-projectPath
C:\Users\bluec\Desktop\MoSim-Reefscape-Public
-buildTarget
osx
-executeMethod
Editor.AddressablesModExporter.BuildFromCommandLine
-groups
NY Modpack
-logFile
C:\Users\bluec\Desktop\MoSim-Reefscape-Public\Tools\build-logs\build-osx.log
-versions
v2.1.0
Successfully changed project path to: C:\Users\bluec\Desktop\MoSim-Reefscape-Public
C:/Users/bluec/Desktop/MoSim-Reefscape-Public
[UnityMemory] Configuration Parameters - Can be set up in boot.config
    "memorysetup-bucket-allocator-granularity=16"
    "memorysetup-bucket-allocator-bucket-count=8"
    "memorysetup-bucket-allocator-block-size=33554432"
    "memorysetup-bucket-allocator-block-count=8"
    "memorysetup-main-allocator-block-size=16777216"
    "memorysetup-thread-allocator-block-size=16777216"
    "memorysetup-gfx-main-allocator-block-size=16777216"
    "memorysetup-gfx-thread-allocator-block-size=16777216"
    "memorysetup-cache-allocator-block-size=4194304"
    "memorysetup-typetree-allocator-block-size=2097152"
    "memorysetup-profiler-bucket-allocator-granularity=16"
    "memorysetup-profiler-bucket-allocator-bucket-count=8"
    "memorysetup-profiler-bucket-allocator-block-size=33554432"
    "memorysetup-profiler-bucket-allocator-block-count=8"
    "memorysetup-profiler-allocator-block-size=16777216"
    "memorysetup-profiler-editor-allocator-block-size=1048576"
    "memorysetup-temp-allocator-size-main=16777216"
    "memorysetup-job-temp-allocator-block-size=2097152"
    "memorysetup-job-temp-allocator-block-size-background=1048576"
    "memorysetup-job-temp-allocator-reduction-small-platforms=262144"
    "memorysetup-allocator-temp-initial-block-size-main=262144"
    "memorysetup-allocator-temp-initial-block-size-worker=262144"
    "memorysetup-temp-allocator-size-background-worker=32768"
    "memorysetup-temp-allocator-size-job-worker=262144"
    "memorysetup-temp-allocator-size-preload-manager=33554432"
    "memorysetup-temp-allocator-size-nav-mesh-worker=65536"
    "memorysetup-temp-allocator-size-audio-worker=65536"
    "memorysetup-temp-allocator-size-cloud-worker=32768"
    "memorysetup-temp-allocator-size-gi-baking-worker=262144"
    "memorysetup-temp-allocator-size-gi-baking-worker=262144"
    "memorysetup-temp-allocator-size-gi-baking-worker=262144"
    "memorysetup-temp-allocator-size-gi-baking-worker=262144"
    "memorysetup-temp-allocator-size-gfx=262144"
Player connection [19532] Host "[IP] 192.168.1.172 [Port] 55504 [Flags] 2 [Guid] 3832717094 [EditorId] 3832717094 [Version] 1048832 [Id] WindowsEditor(7,seb) [Debug] 1 [PackageName] WindowsEditor [ProjectName] Editor" joined multi-casting on [225.0.0.222:54997]...
Player connection [19532] Host "[IP] 192.168.1.172 [Port] 55504 [Flags] 2 [Guid] 3832717094 [EditorId] 3832717094 [Version] 1048832 [Id] WindowsEditor(7,seb) [Debug] 1 [PackageName] WindowsEditor [ProjectName] Editor" joined alternative multi-casting on [225.0.0.222:34997]...
[Physics::Module] Initialized MultithreadedJobDispatcher with 23 workers.
[Package Manager] Connected to IPC stream "Upm-32484" after 0.2 seconds.
Library Redirect Path: Library/
[Licensing::Client] Successfully resolved entitlements
[Package Manager] Restoring resolved packages state from cache
[Licensing::Client] Successfully resolved entitlement details
[Package Manager] Registered 65 packages:
  Packages from [https://packages.unity.com]:
    com.unity.addressables@2.7.6 (location: C:\Users\bluec\Desktop\MoSim-Reefscape-Public\Library\PackageCache\com.unity.addressables@2.7.6)
    com.unity.ai.navigation@2.0.0 (location: C:\Users\bluec\Desktop\MoSim-Reefscape-Public\Library\PackageCache\com.unity.ai.navigation@2.0.0)
    com.unity.cinemachine@3.0.1 (location: C:\Users\bluec\Desktop\MoSim-Reefscape-Public\Library\PackageCache\com.unity.cinemachine@3.0.1)
    com.unity.collab-proxy@2.3.1 (location: C:\Users\bluec\Desktop\MoSim-Reefscape-Public\Library\PackageCache\com.unity.collab-proxy@2.3.1)
    com.unity.ide.rider@3.0.38 (location: C:\Users\bluec\Desktop\MoSim-Reefscape-Public\Library\PackageCache\com.unity.ide.rider@3.0.38)
    com.unity.ide.visualstudio@2.0.23 (location: C:\Users\bluec\Desktop\MoSim-Reefscape-Public\Library\PackageCache\com.unity.ide.visualstudio@2.0.23)
    com.unity.inputsystem@1.7.0 (location: C:\Users\bluec\Desktop\MoSim-Reefscape-Public\Library\PackageCache\com.unity.inputsystem@1.7.0)
    com.unity.recorder@5.0.0 (location: C:\Users\bluec\Desktop\MoSim-Reefscape-Public\Library\PackageCache\com.unity.recorder@5.0.0)
    com.unity.timeline@1.8.8 (location: C:\Users\bluec\Desktop\MoSim-Reefscape-Public\Library\PackageCache\com.unity.timeline@1.8.8)
    com.unity.toolchain.linux-x86_64@2.0.10 (location: C:\Users\bluec\Desktop\MoSim-Reefscape-Public\Library\PackageCache\com.unity.toolchain.linux-x86_64@2.0.10)
    com.unity.toolchain.win-x86_64-linux-x86_64@2.0.11 (location: C:\Users\bluec\Desktop\MoSim-Reefscape-Public\Library\PackageCache\com.unity.toolchain.win-x86_64-linux-x86_64@2.0.11)
    com.unity.visualscripting@1.8.0 (location: C:\Users\bluec\Desktop\MoSim-Reefscape-Public\Library\PackageCache\com.unity.visualscripting@1.8.0)
    com.unity.sysroot@2.0.10 (location: C:\Users\bluec\Desktop\MoSim-Reefscape-Public\Library\PackageCache\com.unity.sysroot@2.0.10)
    com.unity.sysroot.linux-x86_64@2.0.9 (location: C:\Users\bluec\Desktop\MoSim-Reefscape-Public\Library\PackageCache\com.unity.sysroot.linux-x86_64@2.0.9)
    com.unity.ext.nunit@2.0.5 (location: C:\Users\bluec\Desktop\MoSim-Reefscape-Public\Library\PackageCache\com.unity.ext.nunit@2.0.5)
    com.unity.mathematics@1.2.6 (location: C:\Users\bluec\Desktop\MoSim-Reefscape-Public\Library\PackageCache\com.unity.mathematics@1.2.6)
    com.unity.burst@1.8.13 (location: C:\Users\bluec\Desktop\MoSim-Reefscape-Public\Library\PackageCache\com.unity.burst@1.8.13)
    com.unity.splines@2.5.2 (location: C:\Users\bluec\Desktop\MoSim-Reefscape-Public\Library\PackageCache\com.unity.splines@2.5.2)
    com.unity.profiling.core@1.0.2 (location: C:\Users\bluec\Desktop\MoSim-Reefscape-Public\Library\PackageCache\com.unity.profiling.core@1.0.2)
    com.unity.test-framework@1.4.5 (location: C:\Users\bluec\Desktop\MoSim-Reefscape-Public\Library\PackageCache\com.unity.test-framework@1.4.5)
    com.unity.scriptablebuildpipeline@2.5.0 (location: C:\Users\bluec\Desktop\MoSim-Reefscape-Public\Library\PackageCache\com.unity.scriptablebuildpipeline@2.5.0)
    com.unity.searcher@4.9.2 (location: C:\Users\bluec\Desktop\MoSim-Reefscape-Public\Library\PackageCache\com.unity.searcher@4.9.2)
    com.unity.settings-manager@2.0.1 (location: C:\Users\bluec\Desktop\MoSim-Reefscape-Public\Library\PackageCache\com.unity.settings-manager@2.0.1)
    com.unity.collections@1.4.0 (location: C:\Users\bluec\Desktop\MoSim-Reefscape-Public\Library\PackageCache\com.unity.collections@1.4.0)
    com.unity.nuget.mono-cecil@1.11.4 (location: C:\Users\bluec\Desktop\MoSim-Reefscape-Public\Library\PackageCache\com.unity.nuget.mono-cecil@1.11.4)
  Built-in packages:
    com.unity.2d.sprite@1.0.0 (location: C:\Users\bluec\Desktop\MoSim-Reefscape-Public\Library\PackageCache\com.unity.2d.sprite@1.0.0)
    com.unity.render-pipelines.universal@16.0.6 (location: C:\Users\bluec\Desktop\MoSim-Reefscape-Public\Library\PackageCache\com.unity.render-pipelines.universal@16.0.6)
    com.unity.ugui@2.0.0 (location: C:\Users\bluec\Desktop\MoSim-Reefscape-Public\Library\PackageCache\com.unity.ugui@2.0.0)
    com.unity.modules.accessibility@1.0.0 (location: C:\Users\bluec\Desktop\MoSim-Reefscape-Public\Library\PackageCache\com.unity.modules.accessibility@1.0.0)
    com.unity.modules.ai@1.0.0 (location: C:\Users\bluec\Desktop\MoSim-Reefscape-Public\Library\PackageCache\com.unity.modules.ai@1.0.0)
    com.unity.modules.androidjni@1.0.0 (location: C:\Users\bluec\Desktop\MoSim-Reefscape-Public\Library\PackageCache\com.unity.modules.androidjni@1.0.0)
    com.unity.modules.animation@1.0.0 (location: C:\Users\bluec\Desktop\MoSim-Reefscape-Public\Library\PackageCache\com.unity.modules.animation@1.0.0)
    com.unity.modules.assetbundle@1.0.0 (location: C:\Users\bluec\Desktop\MoSim-Reefscape-Public\Library\PackageCache\com.unity.modules.assetbundle@1.0.0)
    com.unity.modules.audio@1.0.0 (location: C:\Users\bluec\Desktop\MoSim-Reefscape-Public\Library\PackageCache\com.unity.modules.audio@1.0.0)
    com.unity.modules.cloth@1.0.0 (location: C:\Users\bluec\Desktop\MoSim-Reefscape-Public\Library\PackageCache\com.unity.modules.cloth@1.0.0)
    com.unity.modules.director@1.0.0 (location: C:\Users\bluec\Desktop\MoSim-Reefscape-Public\Library\PackageCache\com.unity.modules.director@1.0.0)
    com.unity.modules.imageconversion@1.0.0 (location: C:\Users\bluec\Desktop\MoSim-Reefscape-Public\Library\PackageCache\com.unity.modules.imageconversion@1.0.0)
    com.unity.modules.imgui@1.0.0 (location: C:\Users\bluec\Desktop\MoSim-Reefscape-Public\Library\PackageCache\com.unity.modules.imgui@1.0.0)
    com.unity.modules.jsonserialize@1.0.0 (location: C:\Users\bluec\Desktop\MoSim-Reefscape-Public\Library\PackageCache\com.unity.modules.jsonserialize@1.0.0)
    com.unity.modules.particlesystem@1.0.0 (location: C:\Users\bluec\Desktop\MoSim-Reefscape-Public\Library\PackageCache\com.unity.modules.particlesystem@1.0.0)
    com.unity.modules.physics@1.0.0 (location: C:\Users\bluec\Desktop\MoSim-Reefscape-Public\Library\PackageCache\com.unity.modules.physics@1.0.0)
    com.unity.modules.physics2d@1.0.0 (location: C:\Users\bluec\Desktop\MoSim-Reefscape-Public\Library\PackageCache\com.unity.modules.physics2d@1.0.0)
    com.unity.modules.screencapture@1.0.0 (location: C:\Users\bluec\Desktop\MoSim-Reefscape-Public\Library\PackageCache\com.unity.modules.screencapture@1.0.0)
    com.unity.modules.terrain@1.0.0 (location: C:\Users\bluec\Desktop\MoSim-Reefscape-Public\Library\PackageCache\com.unity.modules.terrain@1.0.0)
    com.unity.modules.terrainphysics@1.0.0 (location: C:\Users\bluec\Desktop\MoSim-Reefscape-Public\Library\PackageCache\com.unity.modules.terrainphysics@1.0.0)
    com.unity.modules.tilemap@1.0.0 (location: C:\Users\bluec\Desktop\MoSim-Reefscape-Public\Library\PackageCache\com.unity.modules.tilemap@1.0.0)
    com.unity.modules.ui@1.0.0 (location: C:\Users\bluec\Desktop\MoSim-Reefscape-Public\Library\PackageCache\com.unity.modules.ui@1.0.0)
    com.unity.modules.uielements@1.0.0 (location: C:\Users\bluec\Desktop\MoSim-Reefscape-Public\Library\PackageCache\com.unity.modules.uielements@1.0.0)
    com.unity.modules.umbra@1.0.0 (location: C:\Users\bluec\Desktop\MoSim-Reefscape-Public\Library\PackageCache\com.unity.modules.umbra@1.0.0)
    com.unity.modules.unityanalytics@1.0.0 (location: C:\Users\bluec\Desktop\MoSim-Reefscape-Public\Library\PackageCache\com.unity.modules.unityanalytics@1.0.0)
    com.unity.modules.unitywebrequest@1.0.0 (location: C:\Users\bluec\Desktop\MoSim-Reefscape-Public\Library\PackageCache\com.unity.modules.unitywebrequest@1.0.0)
    com.unity.modules.unitywebrequestassetbundle@1.0.0 (location: C:\Users\bluec\Desktop\MoSim-Reefscape-Public\Library\PackageCache\com.unity.modules.unitywebrequestassetbundle@1.0.0)
    com.unity.modules.unitywebrequestaudio@1.0.0 (location: C:\Users\bluec\Desktop\MoSim-Reefscape-Public\Library\PackageCache\com.unity.modules.unitywebrequestaudio@1.0.0)
    com.unity.modules.unitywebrequesttexture@1.0.0 (location: C:\Users\bluec\Desktop\MoSim-Reefscape-Public\Library\PackageCache\com.unity.modules.unitywebrequesttexture@1.0.0)
    com.unity.modules.unitywebrequestwww@1.0.0 (location: C:\Users\bluec\Desktop\MoSim-Reefscape-Public\Library\PackageCache\com.unity.modules.unitywebrequestwww@1.0.0)
    com.unity.modules.vehicles@1.0.0 (location: C:\Users\bluec\Desktop\MoSim-Reefscape-Public\Library\PackageCache\com.unity.modules.vehicles@1.0.0)
    com.unity.modules.video@1.0.0 (location: C:\Users\bluec\Desktop\MoSim-Reefscape-Public\Library\PackageCache\com.unity.modules.video@1.0.0)
    com.unity.modules.vr@1.0.0 (location: C:\Users\bluec\Desktop\MoSim-Reefscape-Public\Library\PackageCache\com.unity.modules.vr@1.0.0)
    com.unity.modules.wind@1.0.0 (location: C:\Users\bluec\Desktop\MoSim-Reefscape-Public\Library\PackageCache\com.unity.modules.wind@1.0.0)
    com.unity.modules.xr@1.0.0 (location: C:\Users\bluec\Desktop\MoSim-Reefscape-Public\Library\PackageCache\com.unity.modules.xr@1.0.0)
    com.unity.modules.subsystems@1.0.0 (location: C:\Users\bluec\Desktop\MoSim-Reefscape-Public\Library\PackageCache\com.unity.modules.subsystems@1.0.0)
    com.unity.modules.hierarchycore@1.0.0 (location: C:\Users\bluec\Desktop\MoSim-Reefscape-Public\Library\PackageCache\com.unity.modules.hierarchycore@1.0.0)
    com.unity.render-pipelines.core@16.0.6 (location: C:\Users\bluec\Desktop\MoSim-Reefscape-Public\Library\PackageCache\com.unity.render-pipelines.core@16.0.6)
    com.unity.shadergraph@16.0.6 (location: C:\Users\bluec\Desktop\MoSim-Reefscape-Public\Library\PackageCache\com.unity.shadergraph@16.0.6)
    com.unity.rendering.light-transport@1.0.2 (location: C:\Users\bluec\Desktop\MoSim-Reefscape-Public\Library\PackageCache\com.unity.rendering.light-transport@1.0.2)
[Subsystems] No new subsystems found in resolved package list.
Package Manager log level set to [2]
[Package Manager] Done registering packages in 0.05 seconds
Targeting platform: osx
Refreshing native plugins compatible for Editor in 1.15 ms, found 6 plugins.
Preloading 0 native plugins for Editor in 0.00 ms.
Initialize engine version: 2023.2.22f1 (6b19bf4f8115)
[Subsystems] Discovering subsystems at path C:/Program Files/Unity/Hub/Editor/2023.2.22f1/Editor/Data/Resources/UnitySubsystems
[Subsystems] Discovering subsystems at path C:/Users/bluec/Desktop/MoSim-Reefscape-Public/Assets
Forcing GfxDevice: Null
GfxDevice: creating device client; kGfxThreadingModeNonThreaded
NullGfxDevice:
    Version:  NULL 1.0 [1.0]
    Renderer: Null Device
    Vendor:   Unity Technologies
Shader Hidden/ProbeVolume/VoxelizeScene is not supported: GPU does not support conservative rasterization
[Licensing::Client] Successfully resolved entitlements
Initialize mono
Mono path[0] = 'C:/Program Files/Unity/Hub/Editor/2023.2.22f1/Editor/Data/Managed'
Mono path[1] = 'C:/Program Files/Unity/Hub/Editor/2023.2.22f1/Editor/Data/MonoBleedingEdge/lib/mono/unityjit-win32'
Mono config path = 'C:/Program Files/Unity/Hub/Editor/2023.2.22f1/Editor/Data/MonoBleedingEdge/etc'
Using monoOptions --debugger-agent=transport=dt_socket,embedding=1,server=y,suspend=n,address=127.0.0.1:56484
Using cacheserver namespaces - metadata:defaultmetadata, artifacts:defaultartifacts
Using cacheserver namespaces - metadata:defaultmetadata, artifacts:defaultartifacts
ImportWorker Server TCP listen port: 0
AcceleratorClientConnectionCallback - disconnected - :0
Begin MonoManager ReloadAssembly
Registering precompiled unity dll's ...
Register platform support module: C:/Program Files/Unity/Hub/Editor/2023.2.22f1/Editor/Data/PlaybackEngines/MacStandaloneSupport/UnityEditor.OSXStandalone.Extensions.dll
Register platform support module: C:/Program Files/Unity/Hub/Editor/2023.2.22f1/Editor/Data/PlaybackEngines/WindowsStandaloneSupport/UnityEditor.WindowsStandalone.Extensions.dll
Register platform support module: C:/Program Files/Unity/Hub/Editor/2023.2.22f1/Editor/Data/PlaybackEngines/LinuxStandaloneSupport/UnityEditor.LinuxStandalone.Extensions.dll
Registered in 0.002281 seconds.
- Loaded All Assemblies, in  0.203 seconds
Native extension for LinuxStandalone target not found
Native extension for WindowsStandalone target not found
Native extension for OSXStandalone target not found
Mono: successfully reloaded assembly
- Finished resetting the current domain, in  0.159 seconds
Domain Reload Profiling: 361ms
	BeginReloadAssembly (71ms)
		ExecutionOrderSort (0ms)
		DisableScriptedObjects (0ms)
		BackupInstance (0ms)
		ReleaseScriptingObjects (0ms)
		CreateAndSetChildDomain (0ms)
	RebuildCommonClasses (18ms)
	RebuildNativeTypeToScriptingClass (6ms)
	initialDomainReloadingComplete (27ms)
	LoadAllAssembliesAndSetupDomain (80ms)
		LoadAssemblies (70ms)
		RebuildTransferFunctionScriptingTraits (0ms)
		AnalyzeDomain (78ms)
			TypeCache.Refresh (77ms)
				TypeCache.ScanAssembly (69ms)
			BuildScriptInfoCaches (0ms)
			ResolveRequiredComponents (0ms)
	FinalizeReload (159ms)
		ReleaseScriptCaches (0ms)
		RebuildScriptCaches (0ms)
		SetupLoadedEditorAssemblies (134ms)
			LogAssemblyErrors (0ms)
			InitializePlatformSupportModulesInManaged (18ms)
			SetLoadedEditorAssemblies (3ms)
			BeforeProcessingInitializeOnLoad (3ms)
			ProcessInitializeOnLoadAttributes (86ms)
			ProcessInitializeOnLoadMethodAttributes (24ms)
			AfterProcessingInitializeOnLoad (0ms)
			EditorAssembliesLoaded (0ms)
		ExecutionOrderSort2 (0ms)
		AwakeInstancesAfterBackupRestoration (0ms)
[Licensing::Client] Successfully resolved entitlements
Application.AssetDatabase Initial Refresh Start
Assembly reference Packages/com.unity.cinemachine/Editor/Samples/ExposeHDRPInternals/HDRP-Editor-ref.asmref has no target assembly definition
Assembly reference Packages/com.unity.cinemachine/Editor/Samples/ExposeHDRPInternals/HDRP-Editor-ref.asmref has no target assembly definition
[ScriptCompilation] Requested script compilation because: InitialRefresh: Force Refresh Recompile flag enabled
Starting: C:\Program Files\Unity\Hub\Editor\2023.2.22f1\Editor\Data\bee_backend.exe --dont-print-to-structured-log --ipc --defer-dag-verification --dagfile="Library/Bee/200b0aE.dag" --continue-on-failure --profile="Library/Bee/backend1.traceevents" ScriptAssemblies
WorkingDir: C:/Users/bluec/Desktop/MoSim-Reefscape-Public
DisplayProgressbar: Compiling Scripts
ExitCode: 0 Duration: 0s298ms
[ 352/1156  0s] WriteResponseFile Library/Bee/artifacts/rsp/4747638433968585886.rsp
[ 617/1156  0s] CopyFiles Library/ScriptAssemblies/UnityEngine.TestRunner.dll
[ 618/1156  0s] CopyFiles Library/ScriptAssemblies/UnityEngine.TestRunner.pdb
[ 635/1156  0s] CopyFiles Library/ScriptAssemblies/UnityEditor.TestRunner.pdb
[ 645/1156  0s] CopyFiles Library/ScriptAssemblies/UnityEditor.TestRunner.dll
[ 742/1156  0s] CopyFiles Library/ScriptAssemblies/Unity.VisualStudio.Editor.dll
[ 749/1156  0s] CopyFiles Library/ScriptAssemblies/Unity.VisualStudio.Editor.pdb
[ 752/1156  0s] CopyFiles Library/ScriptAssemblies/Unity.Rider.Editor.dll
[ 762/1156  0s] CopyFiles Library/ScriptAssemblies/Unity.Rider.Editor.pdb
[ 774/1156  0s] CopyFiles Library/ScriptAssemblies/Unity.Burst.CodeGen.dll
[ 796/1156  0s] CopyFiles Library/ScriptAssemblies/Unity.Burst.CodeGen.pdb
[ 797/1156  0s] CopyFiles Library/ScriptAssemblies/Unity.Collections.CodeGen.dll
[ 798/1156  0s] CopyFiles Library/ScriptAssemblies/Unity.Collections.CodeGen.pdb
[ 882/1156  0s] ILPP-Configuration Library/ilpp-configuration.nevergeneratedoutput
[ 955/1156  0s] CopyFiles Library/ScriptAssemblies/Unity.RenderPipelines.Universal.2D.Runtime.dll
[ 957/1156  0s] CopyFiles Library/ScriptAssemblies/Spartan Robotics.dll
[ 960/1156  0s] CopyFiles Library/ScriptAssemblies/Unity.RenderPipelines.ShaderGraph.ShaderGraphLibrary.dll
[ 961/1156  0s] CopyFiles Library/ScriptAssemblies/Unity.Timeline.dll
[ 968/1156  0s] CopyFiles Library/ScriptAssemblies/Unity.RenderPipelines.Core.Runtime.dll
[ 976/1156  0s] CopyFiles Library/ScriptAssemblies/StuyPulse.dll
[ 980/1156  0s] CopyFiles Library/ScriptAssemblies/Unity.Mathematics.dll
[ 981/1156  0s] CopyFiles Library/ScriptAssemblies/Unity.Splines.dll
[ 982/1156  0s] CopyFiles Library/ScriptAssemblies/Wildcats.dll
[ 983/1156  0s] CopyFiles Library/ScriptAssemblies/Unity.Rendering.LightTransport.Runtime.dll
[ 984/1156  0s] CopyFiles Library/ScriptAssemblies/GRR.dll
[ 985/1156  0s] CopyFiles Library/ScriptAssemblies/MoSimLib.dll
[ 986/1156  0s] CopyFiles Library/ScriptAssemblies/Iron Panthers.dll
[ 987/1156  0s] CopyFiles Library/ScriptAssemblies/UnityEngine.UI.dll
[ 988/1156  0s] CopyFiles Library/ScriptAssemblies/Nobi.UiRoundedCorners.dll
[ 989/1156  0s] CopyFiles Library/ScriptAssemblies/Simbotics.dll
[ 990/1156  0s] CopyFiles Library/ScriptAssemblies/GameSystems.dll
[ 991/1156  0s] CopyFiles Library/ScriptAssemblies/Unity.ScriptableBuildPipeline.dll
[ 992/1156  0s] CopyFiles Library/ScriptAssemblies/Unity.Addressables.dll
[ 993/1156  0s] CopyFiles Library/ScriptAssemblies/Stuyv3.dll
[ 994/1156  0s] CopyFiles Library/ScriptAssemblies/Unity.TextMeshPro.dll
[ 995/1156  0s] CopyFiles Library/ScriptAssemblies/Unity.RenderPipelines.Core.Runtime.Shared.dll
[ 996/1156  0s] CopyFiles Library/ScriptAssemblies/Unity.InputSystem.dll
[ 997/1156  0s] CopyFiles Library/ScriptAssemblies/Unity.RenderPipeline.Universal.ShaderLibrary.dll
[ 998/1156  0s] CopyFiles Library/ScriptAssemblies/Unity.Burst.dll
[ 999/1156  0s] CopyFiles Library/ScriptAssemblies/Unity.RenderPipelines.Universal.Shaders.dll
[1000/1156  0s] CopyFiles Library/ScriptAssemblies/TechKnights.dll
[1001/1156  0s] CopyFiles Library/ScriptAssemblies/Assembly-CSharp.dll
[1002/1156  0s] CopyFiles Library/ScriptAssemblies/Unity.AI.Navigation.dll
[1003/1156  0s] CopyFiles Library/ScriptAssemblies/Unity.Cinemachine.dll
[1004/1156  0s] CopyFiles Library/ScriptAssemblies/Unity.RenderPipelines.Core.ShaderLibrary.dll
[1005/1156  0s] CopyFiles Library/ScriptAssemblies/Unity.VisualScripting.Flow.dll
[1006/1156  0s] CopyFiles Library/ScriptAssemblies/Alphabots.dll
[1007/1156  0s] CopyFiles Library/ScriptAssemblies/MoSimCore.dll
[1008/1156  0s] CopyFiles Library/ScriptAssemblies/Lynk.dll
[1009/1156  0s] CopyFiles Library/ScriptAssemblies/Unity.VisualScripting.Core.dll
[1010/1156  0s] CopyFiles Library/ScriptAssemblies/RobotFramework.dll
[1011/1156  0s] CopyFiles Library/ScriptAssemblies/Prototype.dll
[1012/1156  0s] CopyFiles Library/ScriptAssemblies/Unity.Recorder.Base.dll
[1013/1156  0s] CopyFiles Library/ScriptAssemblies/ChillOut.dll
[1014/1156  0s] CopyFiles Library/ScriptAssemblies/Unity.AI.Navigation.Editor.ConversionSystem.pdb
[1015/1156  0s] CopyFiles Library/ScriptAssemblies/Unity.Toolchain.Linux-x86_64.dll
[1016/1156  0s] CopyFiles Library/ScriptAssemblies/Unity.Searcher.Editor.pdb
[1017/1156  0s] CopyFiles Library/ScriptAssemblies/Unity.ShaderGraph.Utilities.dll
[1018/1156  0s] CopyFiles Library/ScriptAssemblies/Unity.CollabProxy.Editor.dll
[1019/1156  0s] CopyFiles Library/ScriptAssemblies/Unity.Collections.BurstCompatibilityGen.dll
[1020/1156  0s] CopyFiles Library/ScriptAssemblies/Unity.Collections.BurstCompatibilityGen.pdb
[1021/1156  0s] CopyFiles Library/ScriptAssemblies/Unity.AI.Navigation.Updater.pdb
[1022/1156  0s] CopyFiles Library/ScriptAssemblies/Unity.Mathematics.Editor.dll
[1023/1156  0s] CopyFiles Library/ScriptAssemblies/Unity.ShaderGraph.Utilities.pdb
[1024/1156  0s] CopyFiles Library/ScriptAssemblies/Unity.CollabProxy.Editor.pdb
[1025/1156  0s] CopyFiles Library/ScriptAssemblies/Unity.Collections.Editor.dll
[1026/1156  0s] CopyFiles Library/ScriptAssemblies/Unity.Mathematics.Editor.pdb
[1027/1156  0s] CopyFiles Library/ScriptAssemblies/Unity.Collections.Editor.pdb
[1028/1156  0s] CopyFiles Library/ScriptAssemblies/Unity.2D.Sprite.Editor.pdb
[1029/1156  0s] CopyFiles Library/ScriptAssemblies/Unity.RenderPipelines.Core.Editor.Shared.dll
[1030/1156  0s] CopyFiles Library/ScriptAssemblies/Unity.2D.Sprite.Editor.dll
[1031/1156  0s] CopyFiles Library/ScriptAssemblies/Unity.RenderPipelines.Core.Editor.Shared.pdb
[1032/1156  0s] CopyFiles Library/ScriptAssemblies/Unity.Sysroot.Linux_x86_64.pdb
[1033/1156  0s] CopyFiles Library/ScriptAssemblies/Unity.Sysroot.Linux_x86_64.dll
[1034/1156  0s] CopyFiles Library/ScriptAssemblies/Unity.ShaderGraph.Editor.pdb
[1035/1156  0s] CopyFiles Library/ScriptAssemblies/Unity.VisualScripting.SettingsProvider.Editor.pdb
[1036/1156  0s] CopyFiles Library/ScriptAssemblies/Unity.Collections.DocCodeSamples.dll
[1037/1156  0s] CopyFiles Library/ScriptAssemblies/Unity.VisualScripting.SettingsProvider.Editor.dll
[1038/1156  0s] CopyFiles Library/ScriptAssemblies/Unity.Collections.DocCodeSamples.pdb
[1039/1156  0s] CopyFiles Library/ScriptAssemblies/Unity.Settings.Editor.pdb
[1040/1156  0s] CopyFiles Library/ScriptAssemblies/Unity.RenderPipelines.Core.Editor.pdb
[1041/1156  0s] CopyFiles Library/ScriptAssemblies/Unity.Settings.Editor.dll
[1042/1156  0s] CopyFiles Library/ScriptAssemblies/Unity.ShaderGraph.Editor.dll
[1043/1156  0s] CopyFiles Library/ScriptAssemblies/Unity.RenderPipelines.Core.Editor.dll
[1044/1156  0s] CopyFiles Library/ScriptAssemblies/Assembly-CSharp-Editor.dll
[1045/1156  0s] CopyFiles Library/ScriptAssemblies/Assembly-CSharp-Editor.pdb
[1046/1156  0s] CopyFiles Library/ScriptAssemblies/Unity.InputSystem.ForUI.dll
[1047/1156  0s] CopyFiles Library/ScriptAssemblies/Unity.ResourceManager.dll
[1048/1156  0s] CopyFiles Library/ScriptAssemblies/Unity.TextMeshPro.Editor.dll
[1049/1156  0s] CopyFiles Library/ScriptAssemblies/Unity.ScriptableBuildPipeline.Editor.dll
[1050/1156  0s] CopyFiles Library/ScriptAssemblies/Unity.Addressables.Editor.dll
[1051/1156  0s] CopyFiles Library/ScriptAssemblies/Unity.TextMeshPro.Editor.pdb
[1052/1156  0s] CopyFiles Library/ScriptAssemblies/Unity.VisualScripting.State.dll
[1053/1156  0s] CopyFiles Library/ScriptAssemblies/Unity.Recorder.dll
[1054/1156  0s] CopyFiles Library/ScriptAssemblies/RoboGym.dll
[1055/1156  0s] CopyFiles Library/ScriptAssemblies/Unity.Toolchain.Linux-x86_64.pdb
[1056/1156  0s] CopyFiles Library/ScriptAssemblies/Reefscape.dll
[1057/1156  0s] CopyFiles Library/ScriptAssemblies/Unity.ScriptableBuildPipeline.Editor.pdb
[1058/1156  0s] CopyFiles Library/ScriptAssemblies/Unity.Toolchain.Win-x86_64-Linux-x86_64.pdb
[1059/1156  0s] CopyFiles Library/ScriptAssemblies/Lanternfly.dll
[1060/1156  0s] CopyFiles Library/ScriptAssemblies/Unity.AI.Navigation.Updater.dll
[1061/1156  0s] CopyFiles Library/ScriptAssemblies/Unity.Addressables.DocExampleCode.Editor.Tests.dll
[1062/1156  0s] CopyFiles Library/ScriptAssemblies/Unity.SysrootPackage.Editor.dll
[1063/1156  0s] CopyFiles Library/ScriptAssemblies/Unity.AI.Navigation.Editor.ConversionSystem.dll
[1064/1156  0s] CopyFiles Library/ScriptAssemblies/Unity.Toolchain.Win-x86_64-Linux-x86_64.dll
[1065/1156  0s] CopyFiles Library/ScriptAssemblies/UnityEditor.UI.dll
[1066/1156  0s] CopyFiles Library/ScriptAssemblies/Unity.VisualScripting.Shared.Editor.dll
[1067/1156  0s] CopyFiles Library/ScriptAssemblies/Unity.Addressables.DocExampleCode.Editor.Tests.pdb
[1068/1156  0s] CopyFiles Library/ScriptAssemblies/Unity.Addressables.Editor.pdb
[1069/1156  0s] CopyFiles Library/ScriptAssemblies/Unity.Addressables.pdb
[1070/1156  0s] CopyFiles Library/ScriptAssemblies/Unity.VisualScripting.Core.Editor.pdb
[1071/1156  0s] CopyFiles Library/ScriptAssemblies/Unity.VisualScripting.Flow.Editor.dll
[1072/1156  0s] CopyFiles Library/ScriptAssemblies/Unity.SysrootPackage.Editor.pdb
[1073/1156  0s] CopyFiles Library/ScriptAssemblies/Unity.VisualScripting.Shared.Editor.pdb
[1074/1156  0s] CopyFiles Library/ScriptAssemblies/Unity.VisualScripting.State.Editor.dll
[1075/1156  0s] CopyFiles Library/ScriptAssemblies/Unity.Splines.Editor.dll
[1076/1156  0s] CopyFiles Library/ScriptAssemblies/UnityEditor.UI.pdb
[1077/1156  0s] CopyFiles Library/ScriptAssemblies/Unity.RenderPipelines.Universal.Runtime.dll
[1078/1156  0s] CopyFiles Library/ScriptAssemblies/Unity.VisualScripting.Flow.Editor.pdb
[1079/1156  0s] CopyFiles Library/ScriptAssemblies/Unity.InputSystem.TestFramework.dll
[1080/1156  0s] CopyFiles Library/ScriptAssemblies/Unity.VisualScripting.State.Editor.pdb
[1081/1156  0s] CopyFiles Library/ScriptAssemblies/Unity.Profiling.Core.dll
[1082/1156  0s] CopyFiles Library/ScriptAssemblies/Unity.RenderPipelines.Universal.Editor.dll
[1083/1156  0s] CopyFiles Library/ScriptAssemblies/Unity.Collections.dll
[1084/1156  0s] CopyFiles Library/ScriptAssemblies/PPv2URPConverters.dll
[1085/1156  0s] CopyFiles Library/ScriptAssemblies/Unity.Rendering.LightTransport.Editor.dll
[1086/1156  0s] CopyFiles Library/ScriptAssemblies/PPv2URPConverters.pdb
[1087/1156  0s] CopyFiles Library/ScriptAssemblies/Unity.Splines.Editor.pdb
[1088/1156  0s] CopyFiles Library/ScriptAssemblies/Unity.Timeline.Editor.pdb
[1089/1156  0s] CopyFiles Library/ScriptAssemblies/Unity.Timeline.Editor.dll
[1090/1156  0s] CopyFiles Library/ScriptAssemblies/Nobi.UiRoundedCorners.Editor.dll
[1091/1156  0s] CopyFiles Library/ScriptAssemblies/Unity.Cinemachine.Editor.pdb
[1092/1156  0s] CopyFiles Library/ScriptAssemblies/Unity.Searcher.Editor.dll
[1093/1156  0s] CopyFiles Library/ScriptAssemblies/Unity.TextMeshPro.pdb
[1094/1156  0s] CopyFiles Library/ScriptAssemblies/Unity.AI.Navigation.pdb
[1095/1156  0s] CopyFiles Library/ScriptAssemblies/Unity.VisualScripting.Core.Editor.dll
[1096/1156  0s] CopyFiles Library/ScriptAssemblies/Unity.RenderPipelines.Universal.Editor.pdb
[1097/1156  0s] CopyFiles Library/ScriptAssemblies/Unity.PlasticSCM.Editor.dll
[1098/1156  0s] CopyFiles Library/ScriptAssemblies/Unity.AI.Navigation.Editor.dll
[1099/1156  0s] CopyFiles Library/ScriptAssemblies/Lanternfly.pdb
[1100/1156  0s] CopyFiles Library/ScriptAssemblies/Nobi.UiRoundedCorners.Editor.pdb
[1101/1156  0s] CopyFiles Library/ScriptAssemblies/Unity.Recorder.pdb
[1102/1156  0s] CopyFiles Library/ScriptAssemblies/Unity.PlasticSCM.Editor.pdb
[1103/1156  0s] CopyFiles Library/ScriptAssemblies/Unity.Rendering.LightTransport.Editor.pdb
[1104/1156  0s] CopyFiles Library/ScriptAssemblies/Unity.Mathematics.pdb
[1105/1156  0s] CopyFiles Library/ScriptAssemblies/GameSystems.pdb
[1106/1156  0s] CopyFiles Library/ScriptAssemblies/Unity.Cinemachine.pdb
[1107/1156  0s] CopyFiles Library/ScriptAssemblies/Stuyv3.pdb
[1108/1156  0s] CopyFiles Library/ScriptAssemblies/RobotFramework.pdb
[1109/1156  0s] CopyFiles Library/ScriptAssemblies/Unity.RenderPipelines.Core.Runtime.Shared.pdb
[1110/1156  0s] CopyFiles Library/ScriptAssemblies/Unity.RenderPipelines.Universal.Shaders.pdb
[1111/1156  0s] CopyFiles Library/ScriptAssemblies/Unity.InputSystem.pdb
[1112/1156  0s] CopyFiles Library/ScriptAssemblies/UnityEngine.UI.pdb
[1113/1156  0s] CopyFiles Library/ScriptAssemblies/Unity.Burst.Editor.pdb
[1114/1156  0s] CopyFiles Library/ScriptAssemblies/Unity.Recorder.Editor.pdb
[1115/1156  0s] CopyFiles Library/ScriptAssemblies/Lynk.pdb
[1116/1156  0s] CopyFiles Library/ScriptAssemblies/Unity.AI.Navigation.Editor.pdb
[1117/1156  0s] CopyFiles Library/ScriptAssemblies/Alphabots.pdb
[1118/1156  0s] CopyFiles Library/ScriptAssemblies/Unity.Cinemachine.Editor.dll
[1119/1156  0s] CopyFiles Library/ScriptAssemblies/RoboGym.pdb
[1120/1156  0s] CopyFiles Library/ScriptAssemblies/Unity.RenderPipelines.ShaderGraph.ShaderGraphLibrary.pdb
[1121/1156  0s] CopyFiles Library/ScriptAssemblies/Unity.VisualScripting.State.pdb
[1122/1156  0s] CopyFiles Library/ScriptAssemblies/Unity.RenderPipelines.Universal.Runtime.pdb
[1123/1156  0s] CopyFiles Library/ScriptAssemblies/Unity.Recorder.Editor.dll
[1124/1156  0s] CopyFiles Library/ScriptAssemblies/Unity.Recorder.Base.pdb
[1125/1156  0s] CopyFiles Library/ScriptAssemblies/Unity.Timeline.pdb
[1126/1156  0s] CopyFiles Library/ScriptAssemblies/StuyPulse.pdb
[1127/1156  0s] CopyFiles Library/ScriptAssemblies/Prototype.pdb
[1128/1156  0s] CopyFiles Library/ScriptAssemblies/MoSimLib.pdb
[1129/1156  0s] CopyFiles Library/ScriptAssemblies/Unity.InputSystem.ForUI.pdb
[1130/1156  0s] CopyFiles Library/ScriptAssemblies/TechKnights.pdb
[1131/1156  0s] CopyFiles Library/ScriptAssemblies/Reefscape.pdb
[1132/1156  0s] CopyFiles Library/ScriptAssemblies/Simbotics.pdb
[1133/1156  0s] CopyFiles Library/ScriptAssemblies/Unity.Burst.Editor.dll
[1134/1156  0s] CopyFiles Library/ScriptAssemblies/Unity.RenderPipelines.Universal.2D.Runtime.pdb
[1135/1156  0s] CopyFiles Library/ScriptAssemblies/Unity.VisualScripting.Core.pdb
[1136/1156  0s] CopyFiles Library/ScriptAssemblies/Unity.RenderPipelines.Core.Runtime.pdb
[1137/1156  0s] CopyFiles Library/ScriptAssemblies/Unity.Splines.pdb
[1138/1156  0s] CopyFiles Library/ScriptAssemblies/Unity.Rendering.LightTransport.Runtime.pdb
[1139/1156  0s] CopyFiles Library/ScriptAssemblies/Unity.Profiling.Core.pdb
[1140/1156  0s] CopyFiles Library/ScriptAssemblies/Unity.VisualScripting.Flow.pdb
[1141/1156  0s] CopyFiles Library/ScriptAssemblies/GRR.pdb
[1142/1156  0s] CopyFiles Library/ScriptAssemblies/Unity.ScriptableBuildPipeline.pdb
[1143/1156  0s] CopyFiles Library/ScriptAssemblies/Unity.RenderPipeline.Universal.ShaderLibrary.pdb
[1144/1156  0s] CopyFiles Library/ScriptAssemblies/Wildcats.pdb
[1145/1156  0s] CopyFiles Library/ScriptAssemblies/ChillOut.pdb
[1146/1156  0s] CopyFiles Library/ScriptAssemblies/Assembly-CSharp.pdb
[1147/1156  0s] CopyFiles Library/ScriptAssemblies/MoSimCore.pdb
[1148/1156  0s] CopyFiles Library/ScriptAssemblies/Nobi.UiRoundedCorners.pdb
[1149/1156  0s] CopyFiles Library/ScriptAssemblies/Iron Panthers.pdb
[1150/1156  0s] CopyFiles Library/ScriptAssemblies/Unity.RenderPipelines.Core.ShaderLibrary.pdb
[1151/1156  0s] CopyFiles Library/ScriptAssemblies/Unity.Burst.pdb
[1152/1156  0s] CopyFiles Library/ScriptAssemblies/Spartan Robotics.pdb
[1153/1156  0s] CopyFiles Library/ScriptAssemblies/Unity.InputSystem.TestFramework.pdb
[1154/1156  0s] CopyFiles Library/ScriptAssemblies/Unity.ResourceManager.pdb
[1155/1156  0s] CopyFiles Library/ScriptAssemblies/Unity.Collections.pdb
*** Tundra build success (0.27 seconds), 196 items updated, 1156 evaluated
AssetDatabase: script compilation time: 0.640169s
Assembly reference Packages/com.unity.cinemachine/Editor/Samples/ExposeHDRPInternals/HDRP-Editor-ref.asmref has no target assembly definition
Begin MonoManager ReloadAssembly
- Loaded All Assemblies, in  4.511 seconds
Refreshing native plugins compatible for Editor in 1.27 ms, found 6 plugins.
Native extension for LinuxStandalone target not found
Native extension for WindowsStandalone target not found
Native extension for OSXStandalone target not found
Assembly reference Packages/com.unity.cinemachine/Editor/Samples/ExposeHDRPInternals/HDRP-Editor-ref.asmref has no target assembly definition
Mono: successfully reloaded assembly
- Finished resetting the current domain, in  2.639 seconds
Domain Reload Profiling: 7149ms
	BeginReloadAssembly (217ms)
		ExecutionOrderSort (0ms)
		DisableScriptedObjects (8ms)
		BackupInstance (0ms)
		ReleaseScriptingObjects (0ms)
		CreateAndSetChildDomain (21ms)
	RebuildCommonClasses (18ms)
	RebuildNativeTypeToScriptingClass (6ms)
	initialDomainReloadingComplete (14ms)
	LoadAllAssembliesAndSetupDomain (4254ms)
		LoadAssemblies (4174ms)
		RebuildTransferFunctionScriptingTraits (0ms)
		AnalyzeDomain (133ms)
			TypeCache.Refresh (101ms)
				TypeCache.ScanAssembly (92ms)
			BuildScriptInfoCaches (22ms)
			ResolveRequiredComponents (7ms)
	FinalizeReload (2640ms)
		ReleaseScriptCaches (0ms)
		RebuildScriptCaches (0ms)
		SetupLoadedEditorAssemblies (2439ms)
			LogAssemblyErrors (0ms)
			InitializePlatformSupportModulesInManaged (6ms)
			SetLoadedEditorAssemblies (2ms)
			BeforeProcessingInitializeOnLoad (50ms)
			ProcessInitializeOnLoadAttributes (2354ms)
			ProcessInitializeOnLoadMethodAttributes (25ms)
			AfterProcessingInitializeOnLoad (2ms)
			EditorAssembliesLoaded (0ms)
		ExecutionOrderSort2 (0ms)
		AwakeInstancesAfterBackupRestoration (7ms)
Shader Hidden/ProbeVolume/VoxelizeScene is not supported: GPU does not support conservative rasterization
Start importing Packages/com.unity.searcher/Editor/Resources/FlatSkin/Font/Roboto-Black.ttf using Guid(1062c701058745940ae5dca6219c64c8) (TrueTypeFontImporter) -> (artifact id: '821f321a28146147efec3339bac4badb') in 0.0175126 seconds
Start importing Packages/com.unity.searcher/Editor/Resources/FlatSkin/Font/Roboto-Regular.ttf using Guid(30dc370b164eefc43b95744fc796dad0) (TrueTypeFontImporter) -> (artifact id: 'd99c632f4de133723aad2304001246a4') in 0.0017118 seconds
Start importing Assets/TextMesh Pro/Fonts/Orbitron-VariableFont_wght.ttf using Guid(606c965193a874e42b1ed752f5b648ea) (TrueTypeFontImporter) -> (artifact id: '871c9904eaf9e466b377e9c613b9234e') in 0.0011288 seconds
Start importing Assets/TextMesh Pro/Fonts/MADE TOMMY Medium.otf using Guid(f04f09c89f189a046a196e76033dde65) (TrueTypeFontImporter) -> (artifact id: '8b112d2cb76922bbb356452cd4467b3e') in 0.0088543 seconds
Start importing Assets/TextMesh Pro/Fonts/GlacialIndifference-Bold.otf using Guid(1157ecbe5de7f68419d351959a850a5b) (TrueTypeFontImporter) -> (artifact id: 'c8ab82274dfa48e8d23ad0d773077527') in 0.0011367 seconds
Start importing Assets/Prefabs/Reefscape/Robots/Mods/NY Modpack/340/Assets/Fonts/Impact Regular.ttf using Guid(9107c11a0270bb8479d6bc24130522bc) (TrueTypeFontImporter) -> (artifact id: '3be496f257a74695fdbe677982e6fd2d') in 0.0207377 seconds
Start importing Packages/com.unity.searcher/Editor/Resources/FlatSkin/Font/Roboto-ThinItalic.ttf using Guid(b2ea3b3f1765e544b9eb5bd1a93a91ce) (TrueTypeFontImporter) -> (artifact id: 'd49cef7a9549ff67e71dc0f03eeb13bb') in 0.0015886 seconds
Start importing Assets/Imports/Fonts/Kardust TS Condensed Bold Italic.ttf using Guid(43190aae55d132343974c076aeff98de) (TrueTypeFontImporter) -> (artifact id: 'e8c609d26681d8393a07139ecdd56ab6') in 0.0012327 seconds
Start importing Assets/Imports/Menus/kenney_ui-pack/Font/Kenney Future Narrow.ttf using Guid(c3c544cd2761c3b4ca4b5cd1aff38206) (TrueTypeFontImporter) -> (artifact id: 'ada78a8b6c1b9acd69258e5ceaa66582') in 0.0010193 seconds
Start importing Assets/TextMesh Pro/Fonts/LiberationSans.ttf using Guid(e3265ab4bf004d28a9537516768c1c75) (TrueTypeFontImporter) -> (artifact id: 'e3dcfdaab7cae2f6892e564302149e2a') in 0.2497129 seconds
Start importing Assets/TextMesh Pro/Examples & Extras/Resources/Fonts & Materials/GlacialIndifference-Bold.otf using Guid(6478bd1ec152ef448b65cafe3192956b) (TrueTypeFontImporter) -> (artifact id: 'a26d438a89e0c65474f6d73a2bb2340a') in 0.0012469 seconds
Start importing Packages/com.unity.render-pipelines.core/Runtime/Debugging/Prefabs/Fonts/PerfectDOSVGA437.ttf using Guid(74a5091d8707f334b9a5c31ef71a64ba) (TrueTypeFontImporter) -> (artifact id: '00d3fefbfe3fd9e5d99b937cd6000559') in 0.0012159 seconds
Start importing Assets/TextMesh Pro/Examples & Extras/Fonts/Unity.ttf using Guid(f4eec857a4fdf2f43be0e9f3d1a984e7) (TrueTypeFontImporter) -> (artifact id: '7639c5e459dadff7bc8ebb0de83aa01d') in 0.0011183 seconds
Start importing Packages/com.unity.searcher/Editor/Resources/FlatSkin/Font/Roboto-Medium.ttf using Guid(a51a3aebb43ac044989270407476b208) (TrueTypeFontImporter) -> (artifact id: '021e2b648ee67d657d6bf31772bbfffa') in 0.0014775 seconds
Start importing Assets/Prefabs/Reefscape/Robots/Mods/Lanternfly/9999/Font.otf using Guid(c5c05970b89819a4e85bc827f0df3d86) (TrueTypeFontImporter) -> (artifact id: '8c64d26ca0ce4d98fa1f0da6dc06c850') in 0.0013207 seconds
Start importing Packages/com.unity.searcher/Editor/Resources/FlatSkin/Font/Roboto-Bold.ttf using Guid(3750c318f40cab44a97d3a81beaefeb3) (TrueTypeFontImporter) -> (artifact id: 'd2ab9443b68777cf8f46f812841a2a74') in 0.0013816 seconds
Start importing Packages/com.unity.searcher/Editor/Resources/FlatSkin/Font/Roboto-Italic.ttf using Guid(c839255fc8f6b4b4d90bf8c1af9f9bd1) (TrueTypeFontImporter) -> (artifact id: 'f63b0e91acd3f84089be62952a68a922') in 0.0013571 seconds
Start importing Packages/com.unity.searcher/Editor/Resources/FlatSkin/Font/Roboto-Thin.ttf using Guid(19a9abb883540be48b75b951a927ae03) (TrueTypeFontImporter) -> (artifact id: '07e05afd28644c70a298cc8dfcfe3b5d') in 0.0013406 seconds
Start importing Assets/TextMesh Pro/Examples & Extras/Fonts/Anton.ttf using Guid(997a43b767814dd0a7642ec9b78cba41) (TrueTypeFontImporter) -> (artifact id: '6a1fa979436eb5e47ce5d97fd940ec1d') in 0.0011117 seconds
Start importing Assets/TextMesh Pro/Examples & Extras/Resources/Fonts & Materials/GlacialIndifference-Bold 1.otf using Guid(b906f68fa63f50a41944876f3568691c) (TrueTypeFontImporter) -> (artifact id: '19b9d83e1b7bf262f8c37bda93069f6b') in 0.0011176 seconds
Start importing Assets/TextMesh Pro/Examples & Extras/Fonts/Oswald-Bold.ttf using Guid(c9f6d0e7bc8541498c9a4799ba184ede) (TrueTypeFontImporter) -> (artifact id: 'a9d3befa93ae625c251a8c08e61cd151') in 0.0013286 seconds
Start importing Packages/com.unity.searcher/Editor/Resources/FlatSkin/Font/Roboto-MediumItalic.ttf using Guid(d93c1bc57fdf1ac4dad1bf04fac05464) (TrueTypeFontImporter) -> (artifact id: '6b65441f3397605967e81c3ea81e542a') in 0.001549 seconds
Start importing Packages/com.unity.searcher/Editor/Resources/FlatSkin/Font/Roboto-BlackItalic.ttf using Guid(f95147a9bab9fe649b8070170fa7ebd2) (TrueTypeFontImporter) -> (artifact id: '8234d1684e46e9c42623bb4f930cf8a9') in 0.0013701 seconds
Start importing Packages/com.unity.searcher/Editor/Resources/FlatSkin/Font/Roboto-Light.ttf using Guid(2a29e27936eb547458f646f71125b264) (TrueTypeFontImporter) -> (artifact id: '4e4fa90e7389d7a48284bfed55bc3254') in 0.0012425 seconds
Start importing Assets/TextMesh Pro/Examples & Extras/Fonts/Electronic Highway Sign.TTF using Guid(8a2b9e2a607dd2143b58c44bc32410b4) (TrueTypeFontImporter) -> (artifact id: '430f212bb650a4020a93c831b07e9cb4') in 0.0011475 seconds
Start importing Assets/Prefabs/Reefscape/Robots/Mods/China Modpack/5449/UngapBlocksVariable-Swash.ttf using Guid(cad444194d48c3c48bb4f518feb45ce7) (TrueTypeFontImporter) -> (artifact id: 'b5984ab737a417e7cc7ee71b49630d30') in 0.0011614 seconds
Start importing Assets/TextMesh Pro/Examples & Extras/Fonts/Roboto-Bold.ttf using Guid(4beb055f07aaff244873dec698d0363e) (TrueTypeFontImporter) -> (artifact id: '248b057650a01e2adcda2c6fc3dc3b47') in 0.0012428 seconds
Start importing Assets/TextMesh Pro/Examples & Extras/Fonts/Bangers.ttf using Guid(5dd49b3eacc540408c98eee0de38e0f1) (TrueTypeFontImporter) -> (artifact id: 'f2fbd4c8ae97b57fdb458d8da40d79fd') in 0.001051 seconds
Start importing Packages/com.unity.searcher/Editor/Resources/FlatSkin/Font/Roboto-LightItalic.ttf using Guid(5e63515167650a541b309ba3bfd4db3d) (TrueTypeFontImporter) -> (artifact id: '0cedd5fc4216197253ffd7e83a289ba5') in 0.0014949 seconds
Start importing Assets/Imports/Fonts/nasalization rg(1).ttf using Guid(be8eb7a284b9c7b4cb57d3eb414301df) (TrueTypeFontImporter) -> (artifact id: 'dadc11961a0c18df3cd06f5f8537384a') in 0.0074575 seconds
Start importing Assets/Imports/Menus/kenney_ui-pack/Font/Kenney Future.ttf using Guid(1f7fc2387af676e418f738190cb7237d) (TrueTypeFontImporter) -> (artifact id: '99d671e371a6ce84fb0c86a267349b07') in 0.0012038 seconds
Start importing Assets/TextMesh Pro/Examples & Extras/Resources/Fonts & Materials/GlacialIndifference-Regular.otf using Guid(4f9070e303b679a469280af4f67034a6) (TrueTypeFontImporter) -> (artifact id: '727765395f94d894e28f14dcd4d611d3') in 0.0012455 seconds
Start importing Assets/Imports/Fonts/Megahertz In Regular.otf using Guid(bf6c159310b22c54c9e47b00958759e7) (TrueTypeFontImporter) -> (artifact id: 'b340fb890b94e11e2f70df28813b76d1') in 0.0010493 seconds
Start importing Packages/com.unity.searcher/Editor/Resources/FlatSkin/Font/Roboto-BoldItalic.ttf using Guid(dfb97a9307a577a41bcacba34b9a7e32) (TrueTypeFontImporter) -> (artifact id: 'ac22c1c906effb4aeb48e3c8312811eb') in 0.0012928 seconds
Start importing Packages/com.unity.render-pipelines.universal/Runtime/Materials/ArnoldStandardSurface/ArnoldStandardSurfaceTransparent.shadergraph using Guid(30fa68ce467463643a86b839ca0eb195) (ScriptedImporter)Launched and connected shader compiler UnityShaderCompiler.exe after 0.01 seconds
 -> (artifact id: 'a2f5aa7cd3cabe4ae01e53e2be9e761d') in 0.3397147 seconds
Start importing Packages/com.unity.render-pipelines.universal/Shaders/AutodeskInteractive/AutodeskInteractiveMasked.shadergraph using Guid(80aa867ac363ac043847b06ad71604cd) (ScriptedImporter) -> (artifact id: '1b174a827d20ba14ec62cf77471a1823') in 0.3451149 seconds
Start importing Assets/TextMesh Pro/Shaders/TMP_SDF-URP Unlit.shadergraph using Guid(124c112a6e8f1a54e8b0870e881b56d8) (ScriptedImporter) -> (artifact id: '2a800789176773eafb210148d465d55e') in 0.1707768 seconds
Start importing Assets/TextMesh Pro/Shaders/TMP_SDF-URP Lit.shadergraph using Guid(a3d800b099a06e0478fb790c5e79057a) (ScriptedImporter) -> (artifact id: '9b25c0d3776632d3d1c04b60ac9d368f') in 0.260454 seconds
Start importing Packages/com.unity.render-pipelines.universal/Shaders/2D/VFXSpriteLit.shadergraph using Guid(24a73dccd7b6fad4798be282f96a21f4) (ScriptedImporter) -> (artifact id: '8646754b45a80581b064e1c11b17586b') in 0.0428561 seconds
Start importing Packages/com.unity.render-pipelines.universal/Runtime/Materials/PhysicalMaterial3DsMax/PhysicalMaterial3DsMax.shadergraph using Guid(44245ab89240f51459a5077d7145c452) (ScriptedImporter) -> (artifact id: '8c7f4ac86225725a1466c071153e8a2d') in 0.0725701 seconds
Start importing Packages/com.unity.render-pipelines.universal/Runtime/Materials/ArnoldStandardSurface/ArnoldStandardSurface.shadergraph using Guid(3739e562a03fc0b4982d8aa66cc50865) (ScriptedImporter) -> (artifact id: '4282c4543e3a2e5b1ed03babffc2e5f2') in 0.125263 seconds
Start importing Packages/com.unity.render-pipelines.universal/Shaders/2D/VFXSpriteUnlit.shadergraph using Guid(d7288f66e4fb0634c9afef98c31b722a) (ScriptedImporter) -> (artifact id: 'fc3512fffe6748aaf460eaf633e49b84') in 0.0340143 seconds
Start importing Assets/Materials/LEds/LEDs.shadergraph using Guid(88d82d76b25302e4f81533f3cee81aab) (ScriptedImporter) -> (artifact id: 'f19e3a0bd5af5a8c5fd690000b992e30') in 0.0688878 seconds
Start importing Packages/com.unity.render-pipelines.universal/Shaders/Nature/SpeedTree8_PBRLit.shadergraph using Guid(9920c1f1781549a46ba081a2a15a16ec) (ScriptedImporter) -> (artifact id: 'c01379311fcb91158121bf47c0ccc142') in 0.6124624 seconds
Start importing Packages/com.unity.render-pipelines.universal/Runtime/Materials/PhysicalMaterial3DsMax/PhysicalMaterial3DsMaxTransparent.shadergraph using Guid(1a207e3bee00db44b940e6f362a8e148) (ScriptedImporter) -> (artifact id: 'c05c23d6ef028a00b92ea563121335ca') in 0.067266 seconds
Start importing Packages/com.unity.render-pipelines.universal/Shaders/Decal.shadergraph using Guid(9b4e681081e2b4c469111bb649e2f7ee) (ScriptedImporter) -> (artifact id: 'cb94338ac4e74adc7f93e94b93a8fff5') in 0.0551925 seconds
Start importing Packages/com.unity.render-pipelines.universal/Shaders/FullscreenInvertColors.shadergraph using Guid(fb6390f650ca44a5ba3246d8dda47927) (ScriptedImporter) -> (artifact id: '152488e7d71d934b5359de937cf115d2') in 0.0228286 seconds
Start importing Packages/com.unity.render-pipelines.universal/Shaders/AutodeskInteractive/AutodeskInteractiveTransparent.shadergraph using Guid(5c81372d981403744adbdda4433c9c11) (ScriptedImporter) -> (artifact id: '5c2463d2fca7d0009bbf5721e2169d2e') in 0.0617936 seconds
Start importing Assets/Materials/Algae/AlgaeLogoShader.shadergraph using Guid(9c0141191560aaa4aac382b333870033) (ScriptedImporter) -> (artifact id: '9b8ebf3915aa0f7446c22a73704aa28c') in 0.0841873 seconds
Start importing Packages/com.unity.render-pipelines.universal/Shaders/AutodeskInteractive/AutodeskInteractive.shadergraph using Guid(0e9d5a909a1f7e84882a534d0d11e49f) (ScriptedImporter) -> (artifact id: '97b6426f965732d54d0ea468770c5387') in 0.0675835 seconds
Shader Hidden/ProbeVolume/VoxelizeScene is not supported: GPU does not support conservative rasterization
Refreshing native plugins compatible for Editor in 1.19 ms, found 6 plugins.
Preloading 0 native plugins for Editor in 0.00 ms.
Asset Pipeline Refresh (id=dfef3cb20f92dc6439b227e2eba43fcf): Total: 11.517 seconds - Initiated by InitialRefreshV2(ForceSynchronousImport)
	Summary:
		Imports: total=110 (actual=16, local cache=94, cache server=0)
		Asset DB Process Time: managed=3 ms, native=6046 ms
		Asset DB Callback time: managed=160 ms, native=82 ms
		Scripting: domain reloads=1, domain reload time=4549 ms, compile time=642 ms, other=33 ms
		Project Asset Count: scripts=1634, non-scripts=4552
		Asset File Changes: new=0, changed=0, moved=0, deleted=0
		Scan Filter Count: 0
	InvokeCustomDependenciesCallbacks: 0.001ms
	InvokePackagesCallback: 0.983ms
	ApplyChangesToAssetFolders: 0.329ms
	Scan: 71.184ms
	OnSourceAssetsModified: 0.001ms
	CategorizeAssetsWithTransientArtifact: 38.235ms
	ProcessAssetsWithTransientArtifactChanges: 49.622ms
	CategorizeAssets: 36.937ms
	ImportOutOfDateAssets: 5768.690ms (2000.748ms without children)
		ImportManagerImport: 3095.273ms (310.219ms without children)
			ImportInProcess: 2783.219ms
			UpdateCategorizedAssets: 1.835ms
		CompileScripts: 641.645ms
		ReloadNativeAssets: 0.069ms
		UnloadImportedAssets: 4.304ms
		ReloadImportedAssets: 24.999ms
		EnsureUptoDateAssetsAreRegisteredWithGuidPM: 0.985ms
		InitializingProgressBar: 0.010ms
		PostProcessAllAssetNotificationsAddChangedAssets: 0.000ms
		OnDemandSchedulerStart: 0.656ms
	PostProcessAllAssets: 239.559ms
	Hotreload: 2.381ms
	GatherAllCurrentPrimaryArtifactRevisions: 0.001ms
	UnloadStreamsBegin: 1.039ms
	PersistCurrentRevisions: 0.677ms
	UnloadStreamsEnd: 0.001ms
	GenerateScriptTypeHashes: 3.191ms
	Untracked: 5307.476ms

Application.AssetDatabase Initial Refresh End
Shader Hidden/ProbeVolume/VoxelizeScene is not supported: GPU does not support conservative rasterization
Scanning for USB devices : 28.511ms
Initializing Unity extensions:
[Licensing::Client] Successfully resolved entitlements
[MODES] ModeService[none].Initialize
[MODES] ModeService[none].LoadModes
[MODES] Loading mode Default (0) for mode-current-id-MoSimulator
Unloading 39 Unused Serialized files (Serialized files now loaded: 0)
Unloading 7068 unused Assets / (7.1 MB). Loaded Objects now: 7856.
Memory consumption went from 331.1 MB to 324.0 MB.
Total: 12.851800 ms (FindLiveObjects: 0.562100 ms CreateObjectMapping: 0.548300 ms MarkObjects: 8.554800 ms  DeleteObjects: 3.185600 ms)

Building addressables for: NY Modpack (target: StandaloneOSX, prefix: nymodpack)
UnityEngine.Debug:ExtractStackTraceNoAlloc (byte*,int,string)
UnityEngine.StackTraceUtility:ExtractStackTrace ()
UnityEngine.DebugLogHandler:Internal_Log (UnityEngine.LogType,UnityEngine.LogOption,string,UnityEngine.Object)
UnityEngine.DebugLogHandler:LogFormat (UnityEngine.LogType,UnityEngine.Object,string,object[])
UnityEngine.Logger:Log (UnityEngine.LogType,object)
UnityEngine.Debug:Log (object)
Editor.AddressablesModExporter:BuildOneGroup (UnityEditor.AddressableAssets.Settings.AddressableAssetSettings,Editor.AddressablesModExporter/ModBuildSpec) (at Assets/Editor/AddressablesModExporter.cs:198)
Editor.AddressablesModExporter:BuildAndExport (System.Collections.Generic.List`1<Editor.AddressablesModExporter/ModBuildSpec>) (at Assets/Editor/AddressablesModExporter.cs:124)
Editor.AddressablesModExporter:BuildFromCommandLine () (at Assets/Editor/AddressablesModExporter.cs:347)

(Filename: Assets/Editor/AddressablesModExporter.cs Line: 198)

DisplayProgressbar: Processing Addressable Group
Start importing Assets/AddressableAssetsData/AssetGroups/Schemas/NY Modpack_BundledAssetGroupSchema.asset using Guid(311a62cf5faa7d141853f9dcff62d97c) (NativeFormatImporter) -> (artifact id: '8776906382d3e0517ac2e4104f4e3e73') in 0.0019682 seconds
Start importing Assets/AddressableAssetsData/AssetGroups/Schemas/China Modpack_BundledAssetGroupSchema.asset using Guid(a58b984c5740b144dba6c62d0ff5bf0b) (NativeFormatImporter) -> (artifact id: '22f44bd64c88f9d31ef000d0e6f1cd5d') in 0.0009858 seconds
Refreshing native plugins compatible for Editor in 1.03 ms, found 6 plugins.
Preloading 0 native plugins for Editor in 0.00 ms.
Asset Pipeline Refresh (id=998b2e827d46c1a41a485ff2c5117c2a): Total: 0.029 seconds - Initiated by StopAssetImportingV2(NoUpdateAssetOptions)
DisplayProgressbar: Switch To Build Platform
DisplayProgressbar: Rebuild Sprite Atlas Cache
DisplayProgressbar: Build Player Scripts
[ScriptCompilation] Requested script compilation because: Recompiling all scripts before compiling player scripts because Auto Refresh is disabled.
Starting: C:\Program Files\Unity\Hub\Editor\2023.2.22f1\Editor\Data\bee_backend.exe --dont-print-to-structured-log --ipc --defer-dag-verification --dagfile="Library/Bee/200b0aE.dag" --continue-on-failure --profile="Library/Bee/backend1.traceevents" ScriptAssemblies
WorkingDir: C:/Users/bluec/Desktop/MoSim-Reefscape-Public
DisplayProgressbar: Compiling Scripts
ExitCode: 0 Duration: 0s156ms
[ 882/1156  0s] ILPP-Configuration Library/ilpp-configuration.nevergeneratedoutput
*** Tundra build success (0.14 seconds), 1 items updated, 1156 evaluated
[ScriptCompilation] Requested script compilation because: Compiling scripts for player
Starting: C:\Program Files\Unity\Hub\Editor\2023.2.22f1\Editor\Data\bee_backend.exe --dont-print-to-structured-log --ipc --defer-dag-verification --dagfile="Library/Bee/200b0aP.dag" --continue-on-failure --profile="Library/Bee/backend1.traceevents" ScriptAssembliesAndTypeDB
WorkingDir: C:/Users/bluec/Desktop/MoSim-Reefscape-Public
ExitCode: 0 Duration: 1s236ms
[493/798    0s] WriteResponseFile Library/Bee/artifacts/rsp/4747638433968585886.rsp
[645/798    0s] ILPP-Configuration Library/ilpp-configuration.nevergeneratedoutput
[682/798    0s] CopyFiles Library/PlayerScriptAssemblies/Unity.Rendering.LightTransport.Runtime.dll
[684/798    0s] CopyFiles Library/PlayerScriptAssemblies/RoboGym.dll
[687/798    0s] CopyFiles Library/PlayerScriptAssemblies/Lanternfly.dll
[689/798    0s] CopyFiles Library/PlayerScriptAssemblies/Unity.InputSystem.ForUI.dll
[698/798    0s] CopyFiles Library/PlayerScriptAssemblies/Simbotics.dll
[700/798    0s] CopyFiles Library/PlayerScriptAssemblies/Unity.Collections.dll
[702/798    0s] CopyFiles Library/PlayerScriptAssemblies/Unity.TextMeshPro.dll
[703/798    0s] CopyFiles Library/PlayerScriptAssemblies/Unity.Profiling.Core.dll
[704/798    0s] CopyFiles Library/PlayerScriptAssemblies/Unity.ScriptableBuildPipeline.dll
[705/798    0s] CopyFiles Library/PlayerScriptAssemblies/GameSystems.dll
[706/798    0s] CopyFiles Library/PlayerScriptAssemblies/Unity.Timeline.dll
[707/798    0s] CopyFiles Library/PlayerScriptAssemblies/Unity.Burst.dll
[708/798    0s] CopyFiles Library/PlayerScriptAssemblies/Unity.ResourceManager.dll
[709/798    0s] CopyFiles Library/PlayerScriptAssemblies/MoSimCore.dll
[710/798    0s] CopyFiles Library/PlayerScriptAssemblies/Assembly-CSharp.dll
[711/798    0s] CopyFiles Library/PlayerScriptAssemblies/Unity.RenderPipelines.Core.ShaderLibrary.dll
[712/798    0s] CopyFiles Library/PlayerScriptAssemblies/UnityEngine.UI.dll
[713/798    0s] CopyFiles Library/PlayerScriptAssemblies/Unity.VisualScripting.Flow.dll
[714/798    0s] CopyFiles Library/PlayerScriptAssemblies/Lynk.dll
[715/798    0s] CopyFiles Library/PlayerScriptAssemblies/Reefscape.dll
[716/798    0s] CopyFiles Library/PlayerScriptAssemblies/StuyPulse.dll
[717/798    0s] CopyFiles Library/PlayerScriptAssemblies/Alphabots.dll
[718/798    0s] CopyFiles Library/PlayerScriptAssemblies/Spartan Robotics.dll
[719/798    0s] CopyFiles Library/PlayerScriptAssemblies/TechKnights.dll
[720/798    0s] CopyFiles Library/PlayerScriptAssemblies/Unity.Addressables.dll
[721/798    0s] CopyFiles Library/PlayerScriptAssemblies/Prototype.dll
[722/798    0s] CopyFiles Library/PlayerScriptAssemblies/Unity.RenderPipelines.Universal.2D.Runtime.dll
[723/798    0s] CopyFiles Library/PlayerScriptAssemblies/Unity.RenderPipelines.Universal.Shaders.dll
[724/798    0s] CopyFiles Library/PlayerScriptAssemblies/Unity.VisualScripting.Core.dll
[725/798    0s] CopyFiles Library/PlayerScriptAssemblies/Unity.Recorder.dll
[726/798    0s] CopyFiles Library/PlayerScriptAssemblies/Unity.RenderPipeline.Universal.ShaderLibrary.dll
[727/798    0s] CopyFiles Library/PlayerScriptAssemblies/Nobi.UiRoundedCorners.dll
[728/798    0s] CopyFiles Library/PlayerScriptAssemblies/Unity.VisualScripting.State.dll
[729/798    0s] CopyFiles Library/PlayerScriptAssemblies/Unity.RenderPipelines.Universal.Runtime.dll
[730/798    0s] CopyFiles Library/PlayerScriptAssemblies/Unity.AI.Navigation.dll
[731/798    0s] CopyFiles Library/PlayerScriptAssemblies/Unity.InputSystem.dll
[732/798    0s] CopyFiles Library/PlayerScriptAssemblies/Stuyv3.dll
[733/798    0s] CopyFiles Library/PlayerScriptAssemblies/MoSimLib.dll
[734/798    0s] CopyFiles Library/PlayerScriptAssemblies/Unity.RenderPipelines.Core.Runtime.Shared.dll
[735/798    0s] CopyFiles Library/PlayerScriptAssemblies/RobotFramework.dll
[736/798    0s] CopyFiles Library/PlayerScriptAssemblies/Unity.Cinemachine.dll
[737/798    0s] CopyFiles Library/PlayerScriptAssemblies/ChillOut.dll
[738/798    0s] CopyFiles Library/PlayerScriptAssemblies/Unity.RenderPipelines.Universal.Shaders.pdb
[739/798    0s] CopyFiles Library/PlayerScriptAssemblies/TechKnights.pdb
[740/798    0s] CopyFiles Library/PlayerScriptAssemblies/Lynk.pdb
[741/798    0s] CopyFiles Library/PlayerScriptAssemblies/Unity.RenderPipelines.ShaderGraph.ShaderGraphLibrary.dll
[742/798    0s] CopyFiles Library/PlayerScriptAssemblies/Unity.Recorder.Base.dll
[743/798    0s] CopyFiles Library/PlayerScriptAssemblies/Unity.Mathematics.dll
[744/798    0s] CopyFiles Library/PlayerScriptAssemblies/MoSimCore.pdb
[745/798    0s] CopyFiles Library/PlayerScriptAssemblies/Unity.VisualScripting.State.pdb
[746/798    0s] CopyFiles Library/PlayerScriptAssemblies/Unity.Splines.dll
[747/798    0s] CopyFiles Library/PlayerScriptAssemblies/Unity.Splines.pdb
[748/798    0s] CopyFiles Library/PlayerScriptAssemblies/GameSystems.pdb
[749/798    0s] CopyFiles Library/PlayerScriptAssemblies/Wildcats.dll
[750/798    0s] CopyFiles Library/PlayerScriptAssemblies/Unity.RenderPipelines.Core.Runtime.dll
[751/798    0s] CopyFiles Library/PlayerScriptAssemblies/Simbotics.pdb
[752/798    0s] CopyFiles Library/PlayerScriptAssemblies/Unity.VisualScripting.Flow.pdb
[753/798    0s] CopyFiles Library/PlayerScriptAssemblies/Unity.ResourceManager.pdb
[754/798    0s] CopyFiles Library/PlayerScriptAssemblies/Iron Panthers.dll
[755/798    0s] CopyFiles Library/PlayerScriptAssemblies/Alphabots.pdb
[756/798    0s] CopyFiles Library/PlayerScriptAssemblies/StuyPulse.pdb
[757/798    0s] CopyFiles Library/PlayerScriptAssemblies/GRR.dll
[758/798    0s] CopyFiles Library/PlayerScriptAssemblies/Unity.Cinemachine.pdb
[759/798    0s] CopyFiles Library/PlayerScriptAssemblies/Prototype.pdb
[760/798    0s] CopyFiles Library/PlayerScriptAssemblies/Unity.RenderPipelines.Universal.2D.Runtime.pdb
[761/798    0s] CopyFiles Library/PlayerScriptAssemblies/Lanternfly.pdb
[762/798    0s] CopyFiles Library/PlayerScriptAssemblies/Unity.InputSystem.ForUI.pdb
[763/798    0s] CopyFiles Library/PlayerScriptAssemblies/Unity.TextMeshPro.pdb
[764/798    0s] CopyFiles Library/PlayerScriptAssemblies/Unity.Timeline.pdb
[765/798    0s] CopyFiles Library/PlayerScriptAssemblies/GRR.pdb
[766/798    0s] CopyFiles Library/PlayerScriptAssemblies/Assembly-CSharp.pdb
[767/798    0s] CopyFiles Library/PlayerScriptAssemblies/Unity.Rendering.LightTransport.Runtime.pdb
[768/798    0s] CopyFiles Library/PlayerScriptAssemblies/Unity.RenderPipelines.Universal.Runtime.pdb
[769/798    0s] CopyFiles Library/PlayerScriptAssemblies/ChillOut.pdb
[770/798    0s] CopyFiles Library/PlayerScriptAssemblies/MoSimLib.pdb
[771/798    0s] CopyFiles Library/PlayerScriptAssemblies/RoboGym.pdb
[772/798    0s] CopyFiles Library/PlayerScriptAssemblies/Unity.InputSystem.pdb
[773/798    0s] CopyFiles Library/PlayerScriptAssemblies/Unity.RenderPipelines.Core.ShaderLibrary.pdb
[774/798    0s] CopyFiles Library/PlayerScriptAssemblies/Unity.Addressables.pdb
[775/798    0s] CopyFiles Library/PlayerScriptAssemblies/Unity.RenderPipelines.ShaderGraph.ShaderGraphLibrary.pdb
[776/798    0s] CopyFiles Library/PlayerScriptAssemblies/Unity.Collections.pdb
[777/798    0s] CopyFiles Library/PlayerScriptAssemblies/Unity.Recorder.pdb
[778/798    0s] CopyFiles Library/PlayerScriptAssemblies/Unity.RenderPipelines.Core.Runtime.Shared.pdb
[779/798    0s] CopyFiles Library/PlayerScriptAssemblies/RobotFramework.pdb
[780/798    0s] CopyFiles Library/PlayerScriptAssemblies/Wildcats.pdb
[781/798    0s] CopyFiles Library/PlayerScriptAssemblies/Unity.AI.Navigation.pdb
[782/798    0s] CopyFiles Library/PlayerScriptAssemblies/Unity.RenderPipeline.Universal.ShaderLibrary.pdb
[783/798    0s] CopyFiles Library/PlayerScriptAssemblies/Unity.Mathematics.pdb
[784/798    0s] CopyFiles Library/PlayerScriptAssemblies/Iron Panthers.pdb
[785/798    0s] CopyFiles Library/PlayerScriptAssemblies/Unity.VisualScripting.Core.pdb
[786/798    0s] CopyFiles Library/PlayerScriptAssemblies/Unity.Recorder.Base.pdb
[787/798    0s] CopyFiles Library/PlayerScriptAssemblies/Unity.RenderPipelines.Core.Runtime.pdb
[788/798    0s] CopyFiles Library/PlayerScriptAssemblies/Nobi.UiRoundedCorners.pdb
[789/798    0s] CopyFiles Library/PlayerScriptAssemblies/Stuyv3.pdb
[790/798    0s] CopyFiles Library/PlayerScriptAssemblies/Reefscape.pdb
[791/798    0s] CopyFiles Library/PlayerScriptAssemblies/Spartan Robotics.pdb
[792/798    0s] CopyFiles Library/PlayerScriptAssemblies/UnityEngine.UI.pdb
[793/798    0s] CopyFiles Library/PlayerScriptAssemblies/Unity.ScriptableBuildPipeline.pdb
[794/798    0s] CopyFiles Library/PlayerScriptAssemblies/Unity.Profiling.Core.pdb
[795/798    0s] CopyFiles Library/PlayerScriptAssemblies/Unity.Burst.pdb
[797/798    0s] BuildPlayerDataGenerator Library/BuildPlayerData/Player/RuntimeInitializeOnLoads.json (+1 other)
*** Tundra build success (1.22 seconds), 103 items updated, 798 evaluated
Starting: C:\Program Files\Unity\Hub\Editor\2023.2.22f1\Editor\Data\bee_backend.exe --dont-print-to-structured-log --ipc --defer-dag-verification --dagfile="Library/Bee/200b0aE.dag" --continue-on-failure --profile="Library/Bee/backend1.traceevents" ScriptAssembliesAndTypeDB
WorkingDir: C:/Users/bluec/Desktop/MoSim-Reefscape-Public
ExitCode: 0 Duration: 0s992ms
[ 611/1159  0s] WriteResponseFile Library/Bee/artifacts/rsp/4747638433968585886.rsp
[ 883/1159  0s] ILPP-Configuration Library/ilpp-configuration.nevergeneratedoutput
[1158/1159  0s] BuildPlayerDataGenerator Library/BuildPlayerData/Editor/TypeDb-All.json
*** Tundra build success (0.97 seconds), 3 items updated, 1159 evaluated
DisplayProgressbar: Post Scripts Callback
DisplayProgressbar: Calculate Scene Dependency Data
DisplayProgressbar: Calculate Asset Dependency Data
Refreshing native plugins compatible for Editor in 0.96 ms, found 6 plugins.
Preloading 0 native plugins for Editor in 0.00 ms.
DisplayProgressbar: Add Hash To Bundle Name Task
DisplayProgressbar: Strip Unused Sprite Sources
DisplayProgressbar: Create Built In Bundle
DisplayProgressbar: Create Mono Script Bundle
DisplayProgressbar: Post Dependency Callback
DisplayProgressbar: Generate Bundle Packing
DisplayProgressbar: Update Bundle Object Layout
DisplayProgressbar: Generate Bundle Commands
DisplayProgressbar: Generate Sub Asset Path Maps
DisplayProgressbar: Generate Bundle Maps
DisplayProgressbar: Post Packing Callback
DisplayProgressbar: Write Serialized Files
Compiling shader "Shader Graphs/LEDs" pass "Universal Forward" (vp)
    Full variant space:         221184
    After settings filtering:   6144
    After built-in stripping:   12
    After scriptable stripping: 4
    Processed in 0.08 seconds
    starting compilation...
Launched and connected shader compiler UnityShaderCompiler.exe after 0.01 seconds
Launched and connected shader compiler UnityShaderCompiler.exe after 0.01 seconds
Launched and connected shader compiler UnityShaderCompiler.exe after 0.01 seconds
Launched and connected shader compiler UnityShaderCompiler.exe after 0.01 seconds
    finished in 0.14 seconds. Local cache hits 0 (0.00s CPU time), remote cache hits 0 (0.00s CPU time), compiled 4 variants (0.45s CPU time), skipped 0 variants
    Prepared data for serialisation in 0.00s
Compiling shader "Shader Graphs/LEDs" pass "Universal Forward" (fp)
    Full variant space:         1132462080
    After settings filtering:   24576
    After built-in stripping:   48
    After scriptable stripping: 16
    Processed in 0.00 seconds
    starting compilation...
Launched and connected shader compiler UnityShaderCompiler.exe after 0.01 seconds
Launched and connected shader compiler UnityShaderCompiler.exe after 0.02 seconds
Launched and connected shader compiler UnityShaderCompiler.exe after 0.01 seconds
Launched and connected shader compiler UnityShaderCompiler.exe after 0.01 seconds
Launched and connected shader compiler UnityShaderCompiler.exe after 0.02 seconds
Launched and connected shader compiler UnityShaderCompiler.exe after 0.01 seconds
Launched and connected shader compiler UnityShaderCompiler.exe after 0.01 seconds
Launched and connected shader compiler UnityShaderCompiler.exe after 0.01 seconds
Launched and connected shader compiler UnityShaderCompiler.exe after 0.01 seconds
Launched and connected shader compiler UnityShaderCompiler.exe after 0.02 seconds
Launched and connected shader compiler UnityShaderCompiler.exe after 0.02 seconds
    finished in 0.71 seconds. Local cache hits 0 (0.00s CPU time), remote cache hits 0 (0.00s CPU time), compiled 16 variants (6.88s CPU time), skipped 0 variants
    Prepared data for serialisation in 0.00s
Compiling shader "Shader Graphs/LEDs" pass "GBuffer" (vp)
    Full variant space:         24576
    After settings filtering:   4096
    After built-in stripping:   8
    After scriptable stripping: 0
    Processed in 0.00 seconds
    Prepared data for serialisation in 0.00s
Compiling shader "Shader Graphs/LEDs" pass "ShadowCaster" (vp)
    Full variant space:         16
    After settings filtering:   16
    After built-in stripping:   4
    After scriptable stripping: 2
    Processed in 0.00 seconds
    starting compilation...
    finished in 0.04 seconds. Local cache hits 0 (0.00s CPU time), remote cache hits 0 (0.00s CPU time), compiled 2 variants (0.08s CPU time), skipped 0 variants
    Prepared data for serialisation in 0.00s
Compiling shader "Shader Graphs/LEDs" pass "ShadowCaster" (fp)
    Full variant space:         8
    After settings filtering:   8
    After built-in stripping:   2
    After scriptable stripping: 2
    Processed in 0.00 seconds
    starting compilation...
    finished in 0.04 seconds. Local cache hits 0 (0.00s CPU time), remote cache hits 0 (0.00s CPU time), compiled 2 variants (0.07s CPU time), skipped 0 variants
    Prepared data for serialisation in 0.00s
Compiling shader "Shader Graphs/LEDs" pass "MotionVectors" (vp)
    Full variant space:         8
    After settings filtering:   8
    After built-in stripping:   2
    After scriptable stripping: 2
    Processed in 0.00 seconds
    starting compilation...
    finished in 0.05 seconds. Local cache hits 0 (0.00s CPU time), remote cache hits 0 (0.00s CPU time), compiled 2 variants (0.10s CPU time), skipped 0 variants
    Prepared data for serialisation in 0.00s
Compiling shader "Shader Graphs/LEDs" pass "MotionVectors" (fp)
    Full variant space:         16
    After settings filtering:   8
    After built-in stripping:   2
    After scriptable stripping: 2
    Processed in 0.00 seconds
    starting compilation...
    finished in 0.05 seconds. Local cache hits 0 (0.00s CPU time), remote cache hits 0 (0.00s CPU time), compiled 2 variants (0.09s CPU time), skipped 0 variants
    Prepared data for serialisation in 0.00s
Compiling shader "Shader Graphs/LEDs" pass "DepthOnly" (vp)
    Full variant space:         8
    After settings filtering:   8
    After built-in stripping:   2
    After scriptable stripping: 2
    Processed in 0.00 seconds
    starting compilation...
    finished in 0.04 seconds. Local cache hits 0 (0.00s CPU time), remote cache hits 0 (0.00s CPU time), compiled 2 variants (0.08s CPU time), skipped 0 variants
    Prepared data for serialisation in 0.00s
Compiling shader "Shader Graphs/LEDs" pass "DepthOnly" (fp)
    Full variant space:         8
    After settings filtering:   8
    After built-in stripping:   2
    After scriptable stripping: 2
    Processed in 0.00 seconds
    starting compilation...
    finished in 0.04 seconds. Local cache hits 0 (0.00s CPU time), remote cache hits 0 (0.00s CPU time), compiled 2 variants (0.07s CPU time), skipped 0 variants
    Prepared data for serialisation in 0.00s
Compiling shader "Shader Graphs/LEDs" pass "DepthNormals" (vp)
    Full variant space:         8
    After settings filtering:   8
    After built-in stripping:   2
    After scriptable stripping: 2
    Processed in 0.00 seconds
    starting compilation...
    finished in 0.04 seconds. Local cache hits 0 (0.00s CPU time), remote cache hits 0 (0.00s CPU time), compiled 2 variants (0.08s CPU time), skipped 0 variants
    Prepared data for serialisation in 0.00s
Compiling shader "Shader Graphs/LEDs" pass "DepthNormals" (fp)
    Full variant space:         16
    After settings filtering:   8
    After built-in stripping:   2
    After scriptable stripping: 2
    Processed in 0.00 seconds
    starting compilation...
    finished in 0.04 seconds. Local cache hits 0 (0.00s CPU time), remote cache hits 0 (0.00s CPU time), compiled 2 variants (0.07s CPU time), skipped 0 variants
    Prepared data for serialisation in 0.00s
Compiling shader "Shader Graphs/LEDs" pass "Universal 2D" (vp)
    Full variant space:         2
    After settings filtering:   2
    After built-in stripping:   2
    After scriptable stripping: 2
    Processed in 0.00 seconds
    starting compilation...
    finished in 0.04 seconds. Local cache hits 0 (0.00s CPU time), remote cache hits 0 (0.00s CPU time), compiled 2 variants (0.08s CPU time), skipped 0 variants
    Prepared data for serialisation in 0.00s
Compiling shader "Shader Graphs/LEDs" pass "Universal 2D" (fp)
    Full variant space:         2
    After settings filtering:   2
    After built-in stripping:   2
    After scriptable stripping: 2
    Processed in 0.00 seconds
    starting compilation...
    finished in 0.04 seconds. Local cache hits 0 (0.00s CPU time), remote cache hits 0 (0.00s CPU time), compiled 2 variants (0.08s CPU time), skipped 0 variants
    Prepared data for serialisation in 0.00s
Serialized binary data for shader Shader Graphs/LEDs in 0.00s
    metal (total internal programs: 40, unique: 20)
Compiling shader "Hidden/Core/FallbackError" pass "" (vp)
    Full variant space:         3
    After settings filtering:   3
    After built-in stripping:   1
    After scriptable stripping: 1
    Processed in 0.00 seconds
    starting compilation...
    finished in 0.00 seconds. Local cache hits 1 (0.00s CPU time), remote cache hits 0 (0.00s CPU time), compiled 0 variants (0.00s CPU time), skipped 0 variants
    Prepared data for serialisation in 0.00s
Compiling shader "Hidden/Core/FallbackError" pass "" (fp)
    Full variant space:         3
    After settings filtering:   3
    After built-in stripping:   1
    After scriptable stripping: 1
    Processed in 0.00 seconds
    starting compilation...
    finished in 0.00 seconds. Local cache hits 1 (0.00s CPU time), remote cache hits 0 (0.00s CPU time), compiled 0 variants (0.00s CPU time), skipped 0 variants
    Prepared data for serialisation in 0.00s
Serialized binary data for shader Hidden/Core/FallbackError in 0.00s
    metal (total internal programs: 2, unique: 2)
Compiling shader "Universal Render Pipeline/Lit" pass "ForwardLit" (vp)
    Full variant space:         1327104
    After settings filtering:   18432
    After built-in stripping:   72
    After scriptable stripping: 24
    Processed in 0.00 seconds
    starting compilation...
    finished in 0.00 seconds. Local cache hits 24 (0.01s CPU time), remote cache hits 0 (0.00s CPU time), compiled 0 variants (0.00s CPU time), skipped 0 variants
    Prepared data for serialisation in 0.00s
Compiling shader "Universal Render Pipeline/Lit" pass "ForwardLit" (fp)
    Full variant space:         15854469120
    After settings filtering:   344064
    After built-in stripping:   1344
    After scriptable stripping: 448
    Processed in 0.01 seconds
    starting compilation...
    finished in 0.01 seconds. Local cache hits 448 (0.22s CPU time), remote cache hits 0 (0.00s CPU time), compiled 0 variants (0.00s CPU time), skipped 0 variants
    Prepared data for serialisation in 0.01s
Compiling shader "Universal Render Pipeline/Lit" pass "ShadowCaster" (vp)
    Full variant space:         8
    After settings filtering:   8
    After built-in stripping:   4
    After scriptable stripping: 2
    Processed in 0.00 seconds
    starting compilation...
    finished in 0.00 seconds. Local cache hits 2 (0.00s CPU time), remote cache hits 0 (0.00s CPU time), compiled 0 variants (0.00s CPU time), skipped 0 variants
    Prepared data for serialisation in 0.00s
Compiling shader "Universal Render Pipeline/Lit" pass "ShadowCaster" (fp)
    Full variant space:         8
    After settings filtering:   8
    After built-in stripping:   4
    After scriptable stripping: 4
    Processed in 0.00 seconds
    starting compilation...
    finished in 0.00 seconds. Local cache hits 4 (0.00s CPU time), remote cache hits 0 (0.00s CPU time), compiled 0 variants (0.00s CPU time), skipped 0 variants
    Prepared data for serialisation in 0.00s
Compiling shader "Universal Render Pipeline/Lit" pass "GBuffer" (vp)
    Full variant space:         4608
    After settings filtering:   768
    After built-in stripping:   12
    After scriptable stripping: 0
    Processed in 0.00 seconds
    Prepared data for serialisation in 0.00s
Compiling shader "Universal Render Pipeline/Lit" pass "DepthOnly" (vp)
    Full variant space:         4
    After settings filtering:   4
    After built-in stripping:   2
    After scriptable stripping: 2
    Processed in 0.00 seconds
    starting compilation...
    finished in 0.00 seconds. Local cache hits 2 (0.00s CPU time), remote cache hits 0 (0.00s CPU time), compiled 0 variants (0.00s CPU time), skipped 0 variants
    Prepared data for serialisation in 0.00s
Compiling shader "Universal Render Pipeline/Lit" pass "DepthOnly" (fp)
    Full variant space:         8
    After settings filtering:   8
    After built-in stripping:   4
    After scriptable stripping: 4
    Processed in 0.00 seconds
    starting compilation...
    finished in 0.00 seconds. Local cache hits 4 (0.00s CPU time), remote cache hits 0 (0.00s CPU time), compiled 0 variants (0.00s CPU time), skipped 0 variants
    Prepared data for serialisation in 0.00s
Compiling shader "Universal Render Pipeline/Lit" pass "DepthNormals" (vp)
    Full variant space:         12
    After settings filtering:   12
    After built-in stripping:   6
    After scriptable stripping: 6
    Processed in 0.00 seconds
    starting compilation...
    finished in 0.00 seconds. Local cache hits 6 (0.00s CPU time), remote cache hits 0 (0.00s CPU time), compiled 0 variants (0.00s CPU time), skipped 0 variants
    Prepared data for serialisation in 0.00s
Compiling shader "Universal Render Pipeline/Lit" pass "DepthNormals" (fp)
    Full variant space:         48
    After settings filtering:   24
    After built-in stripping:   12
    After scriptable stripping: 12
    Processed in 0.00 seconds
    starting compilation...
    finished in 0.00 seconds. Local cache hits 12 (0.00s CPU time), remote cache hits 0 (0.00s CPU time), compiled 0 variants (0.00s CPU time), skipped 0 variants
    Prepared data for serialisation in 0.00s
Compiling shader "Universal Render Pipeline/Lit" pass "Universal2D" (vp)
    Full variant space:         2
    After settings filtering:   2
    After built-in stripping:   1
    After scriptable stripping: 0
    Processed in 0.00 seconds
    Prepared data for serialisation in 0.00s
Compiling shader "Universal Render Pipeline/Lit" pass "MotionVectors" (vp)
    Full variant space:         8
    After settings filtering:   8
    After built-in stripping:   4
    After scriptable stripping: 4
    Processed in 0.00 seconds
    starting compilation...
    finished in 0.00 seconds. Local cache hits 4 (0.00s CPU time), remote cache hits 0 (0.00s CPU time), compiled 0 variants (0.00s CPU time), skipped 0 variants
    Prepared data for serialisation in 0.00s
Compiling shader "Universal Render Pipeline/Lit" pass "MotionVectors" (fp)
    Full variant space:         16
    After settings filtering:   16
    After built-in stripping:   8
    After scriptable stripping: 8
    Processed in 0.00 seconds
    starting compilation...
    finished in 0.00 seconds. Local cache hits 8 (0.00s CPU time), remote cache hits 0 (0.00s CPU time), compiled 0 variants (0.00s CPU time), skipped 0 variants
    Prepared data for serialisation in 0.00s
Serialized binary data for shader Universal Render Pipeline/Lit in 0.00s
    metal (total internal programs: 514, unique: 272)
Compressed shader 'Universal Render Pipeline/Lit' on metal from 6.46MB to 0.48MB
Compressed shader 'Universal Render Pipeline/Lit' in 0.07s
Compiling shader "TextMeshPro/Distance Field" pass "" (vp)
    Full variant space:         4
    After settings filtering:   4
    After built-in stripping:   4
    After scriptable stripping: 4
    Processed in 0.00 seconds
    starting compilation...
    finished in 0.00 seconds. Local cache hits 4 (0.00s CPU time), remote cache hits 0 (0.00s CPU time), compiled 0 variants (0.00s CPU time), skipped 0 variants
    Prepared data for serialisation in 0.00s
Compiling shader "TextMeshPro/Distance Field" pass "" (fp)
    Full variant space:         4
    After settings filtering:   4
    After built-in stripping:   4
    After scriptable stripping: 4
    Processed in 0.00 seconds
    starting compilation...
    finished in 0.00 seconds. Local cache hits 4 (0.00s CPU time), remote cache hits 0 (0.00s CPU time), compiled 0 variants (0.00s CPU time), skipped 0 variants
    Prepared data for serialisation in 0.00s
Serialized binary data for shader TextMeshPro/Distance Field in 0.00s
    metal (total internal programs: 8, unique: 8)
Compiling shader "Hidden/Universal Render Pipeline/FallbackError" pass "" (vp)
    Full variant space:         6
    After settings filtering:   6
    After built-in stripping:   1
    After scriptable stripping: 1
    Processed in 0.00 seconds
    starting compilation...
    finished in 0.00 seconds. Local cache hits 1 (0.00s CPU time), remote cache hits 0 (0.00s CPU time), compiled 0 variants (0.00s CPU time), skipped 0 variants
    Prepared data for serialisation in 0.00s
Compiling shader "Hidden/Universal Render Pipeline/FallbackError" pass "" (fp)
    Full variant space:         6
    After settings filtering:   6
    After built-in stripping:   1
    After scriptable stripping: 1
    Processed in 0.00 seconds
    starting compilation...
    finished in 0.00 seconds. Local cache hits 1 (0.00s CPU time), remote cache hits 0 (0.00s CPU time), compiled 0 variants (0.00s CPU time), skipped 0 variants
    Prepared data for serialisation in 0.00s
Serialized binary data for shader Hidden/Universal Render Pipeline/FallbackError in 0.00s
    metal (total internal programs: 2, unique: 2)
Compiling shader "Hidden/Shader Graph/FallbackError" pass "" (vp)
    Full variant space:         4
    After settings filtering:   4
    After built-in stripping:   1
    After scriptable stripping: 1
    Processed in 0.00 seconds
    starting compilation...
    finished in 0.00 seconds. Local cache hits 1 (0.00s CPU time), remote cache hits 0 (0.00s CPU time), compiled 0 variants (0.00s CPU time), skipped 0 variants
    Prepared data for serialisation in 0.00s
Compiling shader "Hidden/Shader Graph/FallbackError" pass "" (fp)
    Full variant space:         4
    After settings filtering:   4
    After built-in stripping:   1
    After scriptable stripping: 1
    Processed in 0.00 seconds
    starting compilation...
    finished in 0.00 seconds. Local cache hits 1 (0.00s CPU time), remote cache hits 0 (0.00s CPU time), compiled 0 variants (0.00s CPU time), skipped 0 variants
    Prepared data for serialisation in 0.00s
Serialized binary data for shader Hidden/Shader Graph/FallbackError in 0.00s
    metal (total internal programs: 2, unique: 2)
Compiling shader "TextMeshPro/Mobile/Distance Field" pass "" (vp)
    Full variant space:         4
    After settings filtering:   4
    After built-in stripping:   4
    After scriptable stripping: 4
    Processed in 0.00 seconds
    starting compilation...
    finished in 0.00 seconds. Local cache hits 4 (0.00s CPU time), remote cache hits 0 (0.00s CPU time), compiled 0 variants (0.00s CPU time), skipped 0 variants
    Prepared data for serialisation in 0.00s
Compiling shader "TextMeshPro/Mobile/Distance Field" pass "" (fp)
    Full variant space:         4
    After settings filtering:   4
    After built-in stripping:   4
    After scriptable stripping: 4
    Processed in 0.00 seconds
    starting compilation...
    finished in 0.00 seconds. Local cache hits 4 (0.00s CPU time), remote cache hits 0 (0.00s CPU time), compiled 0 variants (0.00s CPU time), skipped 0 variants
    Prepared data for serialisation in 0.00s
Serialized binary data for shader TextMeshPro/Mobile/Distance Field in 0.00s
    metal (total internal programs: 8, unique: 8)
Request Asset Garbage Collect because used heap size increased from 304.5 MB to 4.09 GB, exceeding the threshold of 2.00 GB.
Unloading 501 Unused Serialized files (Serialized files now loaded: 0)
Unloading 130533 unused Assets / (0.53 GB). Loaded Objects now: 7951.
Memory consumption went from 4.08 GB to 3.55 GB.
Total: 114.503000 ms (FindLiveObjects: 5.587700 ms CreateObjectMapping: 6.333700 ms MarkObjects: 33.335500 ms  DeleteObjects: 69.245300 ms)

DisplayProgressbar: Archive And Compress Bundles
DisplayProgressbar: Generate Location Lists Task
[Licensing::Client] Successfully resolved entitlements
DisplayProgressbar: Post Writing Callback
DisplayProgressbar: Extract Data Task
Unloading 330 Unused Serialized files (Serialized files now loaded: 0)
Unloading 89429 unused Assets / (317.2 MB). Loaded Objects now: 7950.
Memory consumption went from 0.76 GB to 462.7 MB.
Total: 70.708800 ms (FindLiveObjects: 3.130200 ms CreateObjectMapping: 3.502700 ms MarkObjects: 25.768100 ms  DeleteObjects: 38.306900 ms)

DisplayProgressbar: Post Processing AssetBundles
DisplayProgressbar: Post Processing Catalog Entries
Addressable content successfully built (duration : 0:01:09.387)
UnityEngine.Debug:ExtractStackTraceNoAlloc (byte*,int,string)
UnityEngine.StackTraceUtility:ExtractStackTrace ()
UnityEngine.DebugLogHandler:Internal_Log (UnityEngine.LogType,UnityEngine.LogOption,string,UnityEngine.Object)
UnityEngine.DebugLogHandler:LogFormat (UnityEngine.LogType,UnityEngine.Object,string,object[])
UnityEngine.Logger:Log (UnityEngine.LogType,object)
UnityEngine.Debug:Log (object)
UnityEditor.AddressableAssets.Settings.AddressableAssetSettings:BuildPlayerContentImpl (UnityEditor.AddressableAssets.Build.AddressablesDataBuilderInput,bool) (at ./Library/PackageCache/com.unity.addressables@2.7.6/Editor/Settings/AddressableAssetSettings.cs:3092)
UnityEditor.AddressableAssets.Settings.AddressableAssetSettings:BuildPlayerContent (UnityEditor.AddressableAssets.Build.AddressablesPlayerBuildResult&,UnityEditor.AddressableAssets.Build.AddressablesDataBuilderInput) (at ./Library/PackageCache/com.unity.addressables@2.7.6/Editor/Settings/AddressableAssetSettings.cs:2994)
UnityEditor.AddressableAssets.Settings.AddressableAssetSettings:BuildPlayerContent (UnityEditor.AddressableAssets.Build.AddressablesPlayerBuildResult&) (at ./Library/PackageCache/com.unity.addressables@2.7.6/Editor/Settings/AddressableAssetSettings.cs:2971)
Editor.AddressablesModExporter:BuildOneGroup (UnityEditor.AddressableAssets.Settings.AddressableAssetSettings,Editor.AddressablesModExporter/ModBuildSpec) (at Assets/Editor/AddressablesModExporter.cs:199)
Editor.AddressablesModExporter:BuildAndExport (System.Collections.Generic.List`1<Editor.AddressablesModExporter/ModBuildSpec>) (at Assets/Editor/AddressablesModExporter.cs:124)
Editor.AddressablesModExporter:BuildFromCommandLine () (at Assets/Editor/AddressablesModExporter.cs:347)

(Filename: ./Library/PackageCache/com.unity.addressables@2.7.6/Editor/Settings/AddressableAssetSettings.cs Line: 3092)

Start importing Assets/AddressableAssetsData/OSX/addressables_content_state.bin using Guid(71b2677eff952c84bae94d9039921f43) (DefaultImporter) -> (artifact id: '9b061070e88528a2a3024976224f8b7f') in 0.008819 seconds
Refreshing native plugins compatible for Editor in 0.74 ms, found 6 plugins.
Preloading 0 native plugins for Editor in 0.00 ms.
Asset Pipeline Refresh (id=7fc252e42a30af440a56914a230d84cc): Total: 0.050 seconds - Initiated by RefreshV2(NoUpdateAssetOptions)
Zipped mod folder to C:/Users/bluec/Desktop/MoSim-Reefscape-Public/Assets\..\Mods\NY Modpack v2.1.0 MacOS.zip
UnityEngine.Debug:ExtractStackTraceNoAlloc (byte*,int,string)
UnityEngine.StackTraceUtility:ExtractStackTrace ()
UnityEngine.DebugLogHandler:Internal_Log (UnityEngine.LogType,UnityEngine.LogOption,string,UnityEngine.Object)
UnityEngine.DebugLogHandler:LogFormat (UnityEngine.LogType,UnityEngine.Object,string,object[])
UnityEngine.Logger:Log (UnityEngine.LogType,object)
UnityEngine.Debug:Log (object)
Editor.AddressablesModExporter:ZipAndCleanup (string,string,string,string,string) (at Assets/Editor/AddressablesModExporter.cs:270)
Editor.AddressablesModExporter:ExportGroup (string,string,string) (at Assets/Editor/AddressablesModExporter.cs:246)
Editor.AddressablesModExporter:BuildAndExport (System.Collections.Generic.List`1<Editor.AddressablesModExporter/ModBuildSpec>) (at Assets/Editor/AddressablesModExporter.cs:129)
Editor.AddressablesModExporter:BuildFromCommandLine () (at Assets/Editor/AddressablesModExporter.cs:347)

(Filename: Assets/Editor/AddressablesModExporter.cs Line: 270)

Build and export complete.
UnityEngine.Debug:ExtractStackTraceNoAlloc (byte*,int,string)
UnityEngine.StackTraceUtility:ExtractStackTrace ()
UnityEngine.DebugLogHandler:Internal_Log (UnityEngine.LogType,UnityEngine.LogOption,string,UnityEngine.Object)
UnityEngine.DebugLogHandler:LogFormat (UnityEngine.LogType,UnityEngine.Object,string,object[])
UnityEngine.Logger:Log (UnityEngine.LogType,object)
UnityEngine.Debug:Log (object)
Editor.AddressablesModExporter:BuildAndExport (System.Collections.Generic.List`1<Editor.AddressablesModExporter/ModBuildSpec>) (at Assets/Editor/AddressablesModExporter.cs:132)
Editor.AddressablesModExporter:BuildFromCommandLine () (at Assets/Editor/AddressablesModExporter.cs:347)

(Filename: Assets/Editor/AddressablesModExporter.cs Line: 132)

Clearing [Kardust TS Condensed Bold Italic SDF] dynamic font asset data.
UnityEngine.Debug:ExtractStackTraceNoAlloc (byte*,int,string)
UnityEngine.StackTraceUtility:ExtractStackTrace ()
UnityEngine.DebugLogHandler:Internal_Log (UnityEngine.LogType,UnityEngine.LogOption,string,UnityEngine.Object)
UnityEngine.DebugLogHandler:LogFormat (UnityEngine.LogType,UnityEngine.Object,string,object[])
UnityEngine.Logger:Log (UnityEngine.LogType,object)
UnityEngine.Debug:Log (object)
TMPro.EditorEventCallbacks/<>c:<InitializeFontAssetResourceChangeCallBacks>b__0_0 () (at ./Library/PackageCache/com.unity.ugui@2.0.0/Editor/TMP/TMP_EditorResourceManager.cs:36)
UnityEditor.EditorApplication:Internal_EditorApplicationQuit ()
Editor.AddressablesModExporter:BuildFromCommandLine () (at Assets/Editor/AddressablesModExporter.cs:348)

(Filename: ./Library/PackageCache/com.unity.ugui@2.0.0/Editor/TMP/TMP_EditorResourceManager.cs Line: 36)

Clearing [Megahertz In Regular SDF] dynamic font asset data.
UnityEngine.Debug:ExtractStackTraceNoAlloc (byte*,int,string)
UnityEngine.StackTraceUtility:ExtractStackTrace ()
UnityEngine.DebugLogHandler:Internal_Log (UnityEngine.LogType,UnityEngine.LogOption,string,UnityEngine.Object)
UnityEngine.DebugLogHandler:LogFormat (UnityEngine.LogType,UnityEngine.Object,string,object[])
UnityEngine.Logger:Log (UnityEngine.LogType,object)
UnityEngine.Debug:Log (object)
TMPro.EditorEventCallbacks/<>c:<InitializeFontAssetResourceChangeCallBacks>b__0_0 () (at ./Library/PackageCache/com.unity.ugui@2.0.0/Editor/TMP/TMP_EditorResourceManager.cs:36)
UnityEditor.EditorApplication:Internal_EditorApplicationQuit ()
Editor.AddressablesModExporter:BuildFromCommandLine () (at Assets/Editor/AddressablesModExporter.cs:348)

(Filename: ./Library/PackageCache/com.unity.ugui@2.0.0/Editor/TMP/TMP_EditorResourceManager.cs Line: 36)

Clearing [Anton SDF] dynamic font asset data.
UnityEngine.Debug:ExtractStackTraceNoAlloc (byte*,int,string)
UnityEngine.StackTraceUtility:ExtractStackTrace ()
UnityEngine.DebugLogHandler:Internal_Log (UnityEngine.LogType,UnityEngine.LogOption,string,UnityEngine.Object)
UnityEngine.DebugLogHandler:LogFormat (UnityEngine.LogType,UnityEngine.Object,string,object[])
UnityEngine.Logger:Log (UnityEngine.LogType,object)
UnityEngine.Debug:Log (object)
TMPro.EditorEventCallbacks/<>c:<InitializeFontAssetResourceChangeCallBacks>b__0_0 () (at ./Library/PackageCache/com.unity.ugui@2.0.0/Editor/TMP/TMP_EditorResourceManager.cs:36)
UnityEditor.EditorApplication:Internal_EditorApplicationQuit ()
Editor.AddressablesModExporter:BuildFromCommandLine () (at Assets/Editor/AddressablesModExporter.cs:348)

(Filename: ./Library/PackageCache/com.unity.ugui@2.0.0/Editor/TMP/TMP_EditorResourceManager.cs Line: 36)

Clearing [Bangers SDF] dynamic font asset data.
UnityEngine.Debug:ExtractStackTraceNoAlloc (byte*,int,string)
UnityEngine.StackTraceUtility:ExtractStackTrace ()
UnityEngine.DebugLogHandler:Internal_Log (UnityEngine.LogType,UnityEngine.LogOption,string,UnityEngine.Object)
UnityEngine.DebugLogHandler:LogFormat (UnityEngine.LogType,UnityEngine.Object,string,object[])
UnityEngine.Logger:Log (UnityEngine.LogType,object)
UnityEngine.Debug:Log (object)
TMPro.EditorEventCallbacks/<>c:<InitializeFontAssetResourceChangeCallBacks>b__0_0 () (at ./Library/PackageCache/com.unity.ugui@2.0.0/Editor/TMP/TMP_EditorResourceManager.cs:36)
UnityEditor.EditorApplication:Internal_EditorApplicationQuit ()
Editor.AddressablesModExporter:BuildFromCommandLine () (at Assets/Editor/AddressablesModExporter.cs:348)

(Filename: ./Library/PackageCache/com.unity.ugui@2.0.0/Editor/TMP/TMP_EditorResourceManager.cs Line: 36)

Clearing [Electronic Highway Sign SDF] dynamic font asset data.
UnityEngine.Debug:ExtractStackTraceNoAlloc (byte*,int,string)
UnityEngine.StackTraceUtility:ExtractStackTrace ()
UnityEngine.DebugLogHandler:Internal_Log (UnityEngine.LogType,UnityEngine.LogOption,string,UnityEngine.Object)
UnityEngine.DebugLogHandler:LogFormat (UnityEngine.LogType,UnityEngine.Object,string,object[])
UnityEngine.Logger:Log (UnityEngine.LogType,object)
UnityEngine.Debug:Log (object)
TMPro.EditorEventCallbacks/<>c:<InitializeFontAssetResourceChangeCallBacks>b__0_0 () (at ./Library/PackageCache/com.unity.ugui@2.0.0/Editor/TMP/TMP_EditorResourceManager.cs:36)
UnityEditor.EditorApplication:Internal_EditorApplicationQuit ()
Editor.AddressablesModExporter:BuildFromCommandLine () (at Assets/Editor/AddressablesModExporter.cs:348)

(Filename: ./Library/PackageCache/com.unity.ugui@2.0.0/Editor/TMP/TMP_EditorResourceManager.cs Line: 36)

Clearing [Oswald Bold SDF] dynamic font asset data.
UnityEngine.Debug:ExtractStackTraceNoAlloc (byte*,int,string)
UnityEngine.StackTraceUtility:ExtractStackTrace ()
UnityEngine.DebugLogHandler:Internal_Log (UnityEngine.LogType,UnityEngine.LogOption,string,UnityEngine.Object)
UnityEngine.DebugLogHandler:LogFormat (UnityEngine.LogType,UnityEngine.Object,string,object[])
UnityEngine.Logger:Log (UnityEngine.LogType,object)
UnityEngine.Debug:Log (object)
TMPro.EditorEventCallbacks/<>c:<InitializeFontAssetResourceChangeCallBacks>b__0_0 () (at ./Library/PackageCache/com.unity.ugui@2.0.0/Editor/TMP/TMP_EditorResourceManager.cs:36)
UnityEditor.EditorApplication:Internal_EditorApplicationQuit ()
Editor.AddressablesModExporter:BuildFromCommandLine () (at Assets/Editor/AddressablesModExporter.cs:348)

(Filename: ./Library/PackageCache/com.unity.ugui@2.0.0/Editor/TMP/TMP_EditorResourceManager.cs Line: 36)

Clearing [Roboto-Bold SDF] dynamic font asset data.
UnityEngine.Debug:ExtractStackTraceNoAlloc (byte*,int,string)
UnityEngine.StackTraceUtility:ExtractStackTrace ()
UnityEngine.DebugLogHandler:Internal_Log (UnityEngine.LogType,UnityEngine.LogOption,string,UnityEngine.Object)
UnityEngine.DebugLogHandler:LogFormat (UnityEngine.LogType,UnityEngine.Object,string,object[])
UnityEngine.Logger:Log (UnityEngine.LogType,object)
UnityEngine.Debug:Log (object)
TMPro.EditorEventCallbacks/<>c:<InitializeFontAssetResourceChangeCallBacks>b__0_0 () (at ./Library/PackageCache/com.unity.ugui@2.0.0/Editor/TMP/TMP_EditorResourceManager.cs:36)
UnityEditor.EditorApplication:Internal_EditorApplicationQuit ()
Editor.AddressablesModExporter:BuildFromCommandLine () (at Assets/Editor/AddressablesModExporter.cs:348)

(Filename: ./Library/PackageCache/com.unity.ugui@2.0.0/Editor/TMP/TMP_EditorResourceManager.cs Line: 36)

Clearing [Orbitron-VariableFont_wght SDF] dynamic font asset data.
UnityEngine.Debug:ExtractStackTraceNoAlloc (byte*,int,string)
UnityEngine.StackTraceUtility:ExtractStackTrace ()
UnityEngine.DebugLogHandler:Internal_Log (UnityEngine.LogType,UnityEngine.LogOption,string,UnityEngine.Object)
UnityEngine.DebugLogHandler:LogFormat (UnityEngine.LogType,UnityEngine.Object,string,object[])
UnityEngine.Logger:Log (UnityEngine.LogType,object)
UnityEngine.Debug:Log (object)
TMPro.EditorEventCallbacks/<>c:<InitializeFontAssetResourceChangeCallBacks>b__0_0 () (at ./Library/PackageCache/com.unity.ugui@2.0.0/Editor/TMP/TMP_EditorResourceManager.cs:36)
UnityEditor.EditorApplication:Internal_EditorApplicationQuit ()
Editor.AddressablesModExporter:BuildFromCommandLine () (at Assets/Editor/AddressablesModExporter.cs:348)

(Filename: ./Library/PackageCache/com.unity.ugui@2.0.0/Editor/TMP/TMP_EditorResourceManager.cs Line: 36)

Clearing [Orbitron_Main_Menu] dynamic font asset data.
UnityEngine.Debug:ExtractStackTraceNoAlloc (byte*,int,string)
UnityEngine.StackTraceUtility:ExtractStackTrace ()
UnityEngine.DebugLogHandler:Internal_Log (UnityEngine.LogType,UnityEngine.LogOption,string,UnityEngine.Object)
UnityEngine.DebugLogHandler:LogFormat (UnityEngine.LogType,UnityEngine.Object,string,object[])
UnityEngine.Logger:Log (UnityEngine.LogType,object)
UnityEngine.Debug:Log (object)
TMPro.EditorEventCallbacks/<>c:<InitializeFontAssetResourceChangeCallBacks>b__0_0 () (at ./Library/PackageCache/com.unity.ugui@2.0.0/Editor/TMP/TMP_EditorResourceManager.cs:36)
UnityEditor.EditorApplication:Internal_EditorApplicationQuit ()
Editor.AddressablesModExporter:BuildFromCommandLine () (at Assets/Editor/AddressablesModExporter.cs:348)

(Filename: ./Library/PackageCache/com.unity.ugui@2.0.0/Editor/TMP/TMP_EditorResourceManager.cs Line: 36)

Clearing [LiberationSans SDF - Fallback] dynamic font asset data.
UnityEngine.Debug:ExtractStackTraceNoAlloc (byte*,int,string)
UnityEngine.StackTraceUtility:ExtractStackTrace ()
UnityEngine.DebugLogHandler:Internal_Log (UnityEngine.LogType,UnityEngine.LogOption,string,UnityEngine.Object)
UnityEngine.DebugLogHandler:LogFormat (UnityEngine.LogType,UnityEngine.Object,string,object[])
UnityEngine.Logger:Log (UnityEngine.LogType,object)
UnityEngine.Debug:Log (object)
TMPro.EditorEventCallbacks/<>c:<InitializeFontAssetResourceChangeCallBacks>b__0_0 () (at ./Library/PackageCache/com.unity.ugui@2.0.0/Editor/TMP/TMP_EditorResourceManager.cs:36)
UnityEditor.EditorApplication:Internal_EditorApplicationQuit ()
Editor.AddressablesModExporter:BuildFromCommandLine () (at Assets/Editor/AddressablesModExporter.cs:348)

(Filename: ./Library/PackageCache/com.unity.ugui@2.0.0/Editor/TMP/TMP_EditorResourceManager.cs Line: 36)

Start importing Assets/TextMesh Pro/Examples & Extras/Resources/Fonts & Materials/Oswald Bold SDF.asset using Guid(0161d805a3764c089bef00bfe00793f5) (NativeFormatImporter) -> (artifact id: '99ea32ee63e2dbafd725dd64135e0457') in 0.0018251 seconds
Start importing Assets/AddressableAssetsData/AssetGroups/Schemas/NY Modpack_BundledAssetGroupSchema.asset using Guid(311a62cf5faa7d141853f9dcff62d97c) (NativeFormatImporter) -> (artifact id: '1c2df2d5354051dbb18bddd8b7a06d7b') in 0.0015036 seconds
Start importing Assets/Settings/URP-Balanced.asset using Guid(e1260c1148f6143b28bae5ace5e9c5d1) (NativeFormatImporter) -> (artifact id: '2f1f0e1c3fa824fd655090c75fdece4a') in 0.0010494 seconds
Start importing Assets/TextMesh Pro/Examples & Extras/Resources/Fonts & Materials/Bangers SDF.asset using Guid(125cb55b44b24c4393181402bc6200e6) (NativeFormatImporter) -> (artifact id: '2c22dcba32997ed31eb2370fecec6c75') in 0.0019961 seconds
Start importing Assets/TextMesh Pro/Examples & Extras/Resources/Fonts & Materials/Roboto-Bold SDF.asset using Guid(5302535af1044152a457ed104f1f4b91) (NativeFormatImporter) -> (artifact id: '2c0c50b16bada3b99bb19c8cce14eb39') in 0.0016879 seconds
Start importing Assets/Imports/Fonts/Kardust TS Condensed Bold Italic SDF.asset using Guid(44e19a5c696205449a28e60897197379) (NativeFormatImporter) -> (artifact id: '809c96ab16c01261e27bdb3b4fb8c3ad') in 0.0009591 seconds
Start importing Assets/Imports/Fonts/Megahertz In Regular SDF.asset using Guid(e454897a0fcfdbd42a554ba94c2302ae) (NativeFormatImporter) -> (artifact id: 'cb510b5d39692ab09d6987773c64b3ac') in 0.0010107 seconds
Start importing Assets/AddressableAssetsData/AssetGroups/Schemas/China Modpack_BundledAssetGroupSchema.asset using Guid(a58b984c5740b144dba6c62d0ff5bf0b) (NativeFormatImporter) -> (artifact id: '77680c11cc434b40f69ad1063c6fdf9d') in 0.0008221 seconds
Start importing Assets/TextMesh Pro/Fonts/Orbitron-VariableFont_wght SDF.asset using Guid(384bb11c1fa15014591838a6229e947c) (NativeFormatImporter) -> (artifact id: '863a03e4f83530add06a874b2f2a9074') in 0.0012011 seconds
Start importing Assets/TextMesh Pro/Fonts/Orbitron_Main_Menu.asset using Guid(a9aeab6d3f84ed54f96da6ae0b36e175) (NativeFormatImporter) -> (artifact id: '6754457c089ef3621c93c42510dc1526') in 0.0012436 seconds
Start importing Assets/TextMesh Pro/Examples & Extras/Resources/Fonts & Materials/Anton SDF.asset using Guid(8a89fa14b10d46a99122fd4f73fca9a2) (NativeFormatImporter) -> (artifact id: 'e324e4298722cc9c64e26000f321f040') in 0.0010446 seconds
Start importing Assets/TextMesh Pro/Examples & Extras/Resources/Fonts & Materials/Electronic Highway Sign SDF.asset using Guid(dc36b3fdc14f47ebb36fd484a67e268a) (NativeFormatImporter) -> (artifact id: '7d7269abeb72285f8f84be48fa0af92e') in 0.0009862 seconds
Start importing Assets/TextMesh Pro/Resources/Fonts & Materials/LiberationSans SDF - Fallback.asset using Guid(2e498d1c8094910479dc3e1b768306a4) (NativeFormatImporter) -> (artifact id: '9443c4f7b9b3f7b5d87d77b97aabc217') in 0.0010984 seconds
Refreshing native plugins compatible for Editor in 1.00 ms, found 6 plugins.
Preloading 0 native plugins for Editor in 0.00 ms.
Asset Pipeline Refresh (id=c8fa90307bb89b143a2c0c554a1eadbb): Total: 0.044 seconds - Initiated by StopAssetImportingV2(NoUpdateAssetOptions)
[Licensing::IpcConnector] License Notification channel disconnected successfully.
[Licensing::IpcConnector] License Client channel disconnected successfully.
AcceleratorClientConnectionCallback - disconnected - :0
Cleanup mono
13:03:02.860 |V| RiderPlugin                    | :1                             | AppDomain.CurrentDomain.DomainUnload lifetimeDefinition.Terminate
[Performance] WinEditorMain                                                                                                  :        1 samples, Peak.   604 ms (1.0x), Avg.   604 ms, Total. 603.8 ms (0.7%)
[Performance] WinEditorMain.ConfigureCrashHandler                                                                            :        1 samples, Peak.  16.7 us (1.0x), Avg.  16.7 us, Total. 16.70 us (0.0%)
[Performance] WinEditorMain.CurlRequestInitialize                                                                            :        1 samples, Peak.   529 us (1.0x), Avg.   529 us, Total. 529.4 us (0.0%)
[Performance] WinEditorMain.SetupLogFile                                                                                     :        1 samples, Peak.   204 us (1.0x), Avg.   204 us, Total. 204.4 us (0.0%)
[Performance] WinEditorMain.RunNativeTestsIfRequiredAndExit                                                                  :        1 samples, Peak. 100.0 ns (1.0x), Avg. 100.0 ns, Total. 100.00 ns (0.0%)
[Performance] WinEditorMain.Licensing                                                                                        :        1 samples, Peak.   589 ms (1.0x), Avg.   589 ms, Total. 589.0 ms (0.6%)
[Performance] WinEditorMain.InitializeCrashHandler                                                                           :        1 samples, Peak.  11.1 ms (1.0x), Avg.  11.1 ms, Total. 11.08 ms (0.0%)
[Performance] WinEditorMain.CreateApplication                                                                                :        1 samples, Peak.   168 us (1.0x), Avg.   168 us, Total. 167.6 us (0.0%)
[Performance] Application.InitializeProject                                                                                  :        1 samples, Peak.  12.9 s (1.0x), Avg.  12.9 s, Total. 12.92 s (14.0%)
[Performance] Application.PackageManager.StartServer                                                                         :        1 samples, Peak.  2.50 ms (1.0x), Avg.  2.50 ms, Total. 2.500 ms (0.0%)
[Performance] Application.AcquireProjectLock                                                                                 :        1 samples, Peak.  2.01 ms (1.0x), Avg.  2.01 ms, Total. 2.006 ms (0.0%)
[Performance] Application.InitializeEngineNoGraphics                                                                         :        1 samples, Peak.  34.3 ms (1.0x), Avg.  34.3 ms, Total. 34.28 ms (0.0%)
[Performance] Application.PackageManager.Initialize                                                                          :        1 samples, Peak.   220 ms (1.0x), Avg.   220 ms, Total. 220.1 ms (0.2%)
[Performance] Connecting to Package Manager                                                                                  :       23 samples, Peak.  61.2 us (20.6x), Avg.  2.97 us, Total. 68.40 us (0.0%)
[Performance] Application.EngineGraphics.Initialize                                                                          :        1 samples, Peak.  49.9 ms (1.0x), Avg.  49.9 ms, Total. 49.87 ms (0.1%)
[Performance] Application.GI.Initialize                                                                                      :        1 samples, Peak.  2.41 ms (1.0x), Avg.  2.41 ms, Total. 2.414 ms (0.0%)
[Performance] Application.LoadAllDefaultResourcesFromEditor                                                                  :        1 samples, Peak.  1.10 ms (1.0x), Avg.  1.10 ms, Total. 1.100 ms (0.0%)
[Performance] Application.LoadMonoAssemblies                                                                                 :        1 samples, Peak.   366 ms (1.0x), Avg.   366 ms, Total. 366.3 ms (0.4%)
[Performance] RestoreManagedReferences                                                                                       :        2 samples, Peak.  53.3 ms (2.0x), Avg.  26.6 ms, Total. 53.29 ms (0.1%)
[Performance] AssemblyReloadEvents.afterAssemblyReload: UnityEditor.SceneTemplate.SceneTemplateService.AfterAssemblyReload   :        2 samples, Peak.  2.53 ms (1.7x), Avg.  1.47 ms, Total. 2.949 ms (0.0%)
[Performance] ProcessService.EditorAfterLoadAllAssemblies                                                                    :        2 samples, Peak.   239 us (1.3x), Avg.   190 us, Total. 380.5 us (0.0%)
[Performance] Application.ReadLicenseInfo                                                                                    :        1 samples, Peak.  15.5 ms (1.0x), Avg.  15.5 ms, Total. 15.52 ms (0.0%)
[Performance] Application.InitialRefresh                                                                                     :        1 samples, Peak.  11.5 s (1.0x), Avg.  11.5 s, Total. 11.52 s (12.4%)
[Performance] AssetDatabase.InitialRefresh                                                                                   :        1 samples, Peak.  11.5 s (1.0x), Avg.  11.5 s, Total. 11.52 s (12.4%)
[Performance] Compiling Scripts                                                                                              :        1 samples, Peak.   640 ms (1.0x), Avg.   640 ms, Total. 640.2 ms (0.7%)
[Performance] AssemblyReloadEvents.beforeAssemblyReload: UnityEditor.SceneTemplate.SceneTemplateService.BeforeAssemblyReload :        1 samples, Peak.   534 us (1.0x), Avg.   534 us, Total. 533.6 us (0.0%)
[Performance] EditorResources.Load                                                                                           :       20 samples, Peak.  28.4 ms (18.6x), Avg.  1.52 ms, Total. 30.48 ms (0.0%)
[Performance] DidReloadScriptsTestRunnerWindow.CompilationCallback                                                           :        1 samples, Peak.   116 us (1.0x), Avg.   116 us, Total. 115.7 us (0.0%)
[Performance] DidReloadScriptsTestListCache.ScriptReloaded                                                                   :        1 samples, Peak.   756 us (1.0x), Avg.   756 us, Total. 755.9 us (0.0%)
[Performance] DidReloadScriptsLookDev.OnEditorReload                                                                         :        1 samples, Peak.   163 us (1.0x), Avg.   163 us, Total. 162.6 us (0.0%)
[Performance] DidReloadScriptsDebugWindow.OnEditorReload                                                                     :        1 samples, Peak.  4.18 ms (1.0x), Avg.  4.18 ms, Total. 4.185 ms (0.0%)
[Performance] DidReloadScriptsVolumeComponentEditor.OnEditorReload                                                           :        1 samples, Peak.  51.3 ms (1.0x), Avg.  51.3 ms, Total. 51.25 ms (0.1%)
[Performance] DidReloadScriptsAdvancedDropdownWindow.OnScriptReload                                                          :        2 samples, Peak.   251 us (1.3x), Avg.   198 us, Total. 395.9 us (0.0%)
[Performance] DidReloadScriptsCinemachineVirtualCameraBase.OnScriptReload                                                    :        1 samples, Peak.  86.6 us (1.0x), Avg.  86.6 us, Total. 86.60 us (0.0%)
[Performance] DidReloadScriptsCinemachineExtension.OnScriptReload                                                            :        1 samples, Peak.   333 us (1.0x), Avg.   333 us, Total. 333.1 us (0.0%)
[Performance] DidReloadScriptsEditorMenuExtensions.FindAndCloseAllContextMenus                                               :        1 samples, Peak.  2.38 ms (1.0x), Avg.  2.38 ms, Total. 2.379 ms (0.0%)
[Performance] PresetManagerPostProcessor.OnPreprocessAsset                                                                   :       66 samples, Peak.   466 us (21.3x), Avg.  21.9 us, Total. 1.443 ms (0.0%)
[Performance] CancelSplashScreenOnAssetChange.OnPreprocessAsset                                                              :       66 samples, Peak.   310 us (46.0x), Avg.  6.75 us, Total. 445.6 us (0.0%)
[Performance] ShaderGraphAssetPostProcessor.OnPreprocessAsset                                                                :       66 samples, Peak.   119 us (19.8x), Avg.  6.02 us, Total. 397.4 us (0.0%)
[Performance] EditorApplication.projectChanged: UnityEditor.Audio.MixerEffectDefinitionReloader.OnProjectChanged             :        1 samples, Peak.   283 us (1.0x), Avg.   283 us, Total. 282.8 us (0.0%)
[Performance] EditorApplication.projectChanged: UnityEngine.InputSystem.LowLevel.NativeInputRuntime.OnProjectChanged         :        1 samples, Peak.   158 us (1.0x), Avg.   158 us, Total. 157.9 us (0.0%)
[Performance] AssetDatabase.ImportAssets                                                                                     :        8 samples, Peak.  44.0 ms (4.8x), Avg.  9.14 ms, Total. 73.12 ms (0.1%)
[Performance] VersionControl.Task.Wait                                                                                       :        1 samples, Peak.  11.4 us (1.0x), Avg.  11.4 us, Total. 11.40 us (0.0%)
[Performance] SamplePostprocessor.OnPostprocessAllAssets                                                                     :       24 samples, Peak.   185 us (6.6x), Avg.  27.9 us, Total. 669.6 us (0.0%)
[Performance] TMPro_TexturePostProcessor.OnPostprocessAllAssets                                                              :        8 samples, Peak.   663 us (2.5x), Avg.   263 us, Total. 2.106 ms (0.0%)
[Performance] CinemachineSettings.OnPostprocessAllAssets                                                                     :        8 samples, Peak.   155 us (3.7x), Avg.  41.5 us, Total. 331.7 us (0.0%)
[Performance] WindowAssetPostprocessingWatcher_Internal.OnPostprocessAllAssets                                               :        8 samples, Peak.   886 us (3.3x), Avg.   269 us, Total. 2.156 ms (0.0%)
[Performance] AssetPostprocessor.OnPostprocessAllAssets                                                                      :        8 samples, Peak.   149 us (3.8x), Avg.  38.8 us, Total. 310.8 us (0.0%)
[Performance] BuilderAssetPostprocessor.OnPostprocessAllAssets                                                               :        8 samples, Peak.  3.53 ms (4.0x), Avg.   885 us, Total. 7.081 ms (0.0%)
[Performance] AddressablesAssetPostProcessor.OnPostprocessAllAssets                                                          :        8 samples, Peak.  2.12 ms (3.7x), Avg.   572 us, Total. 4.578 ms (0.0%)
[Performance] ArtifactBrowserPostProcessor.OnPostprocessAllAssets                                                            :        8 samples, Peak.   313 us (3.9x), Avg.  80.2 us, Total. 641.8 us (0.0%)
[Performance] AssetEvents.OnPostprocessAllAssets                                                                             :       16 samples, Peak.   120 us (5.9x), Avg.  20.4 us, Total. 326.3 us (0.0%)
[Performance] AudioContainerPostProcessor.OnPostprocessAllAssets                                                             :        8 samples, Peak.  45.3 us (3.7x), Avg.  12.2 us, Total. 97.30 us (0.0%)
[Performance] AudioMixerPostprocessor.OnPostprocessAllAssets                                                                 :        8 samples, Peak.   183 us (3.9x), Avg.  47.0 us, Total. 375.8 us (0.0%)
[Performance] StyleCatalogPostProcessor.OnPostprocessAllAssets                                                               :        8 samples, Peak.  8.73 ms (4.0x), Avg.  2.19 ms, Total. 17.50 ms (0.0%)
[Performance] BuildCatalog                                                                                                   :        1 samples, Peak.  8.03 ms (1.0x), Avg.  8.03 ms, Total. 8.035 ms (0.0%)
[Performance] ModelImporterPostProcessor.OnPostprocessAllAssets                                                              :        8 samples, Peak.   870 us (3.8x), Avg.   227 us, Total. 1.815 ms (0.0%)
[Performance] AssetDatabaseProxy.OnPostprocessAllAssets                                                                      :        8 samples, Peak.   124 ms (4.0x), Avg.  31.3 ms, Total. 250.6 ms (0.3%)
[Performance] MaterialPostprocessor.OnPostprocessAllAssets                                                                   :       16 samples, Peak.   611 us (4.3x), Avg.   144 us, Total. 2.297 ms (0.0%)
[Performance] UniversalRenderPipelineGlobalSettingsPostprocessor.OnPostprocessAllAssets                                      :        8 samples, Peak.  2.86 ms (4.0x), Avg.   719 us, Total. 5.751 ms (0.0%)
[Performance] RetainedModeAssetPostprocessor.OnPostprocessAllAssets                                                          :        8 samples, Peak.  1.52 ms (4.0x), Avg.   386 us, Total. 3.084 ms (0.0%)
[Performance] AssetChangedListener.OnPostprocessAllAssets                                                                    :        8 samples, Peak.   929 us (3.0x), Avg.   309 us, Total. 2.469 ms (0.0%)
[Performance] PostProcessor.OnPostprocessAllAssets                                                                           :        8 samples, Peak.   338 us (2.9x), Avg.   115 us, Total. 918.5 us (0.0%)
[Performance] ShaderGraphAssetPostProcessor.OnPostprocessAllAssets                                                           :        8 samples, Peak.  2.69 ms (3.2x), Avg.   833 us, Total. 6.668 ms (0.0%)
[Performance] SpeedTreePostProcessor.OnPostprocessAllAssets                                                                  :        8 samples, Peak.   103 us (3.8x), Avg.  27.3 us, Total. 218.4 us (0.0%)
[Performance] TerrainToolbarOverlayPostProcessor.OnPostprocessAllAssets                                                      :        8 samples, Peak.   229 us (3.9x), Avg.  58.4 us, Total. 467.2 us (0.0%)
[Performance] TextAssetPostProcessor.OnPostprocessAllAssets                                                                  :        8 samples, Peak.   302 us (3.0x), Avg.   100 us, Total. 802.8 us (0.0%)
[Performance] SpriteEditorTexturePostprocessor.OnPostprocessAllAssets                                                        :        8 samples, Peak.   324 us (3.4x), Avg.  95.8 us, Total. 766.7 us (0.0%)
[Performance] AssetPathToTypes.OnPostprocessAllAssets                                                                        :        8 samples, Peak.   327 us (3.9x), Avg.  83.1 us, Total. 664.4 us (0.0%)
[Performance] SyncVS.PostprocessSyncProject                                                                                  :        4 samples, Peak.   848 us (2.9x), Avg.   293 us, Total. 1.174 ms (0.0%)
[Performance] Application.ImportPackagesAndSetTemplateWhenCreatingProject                                                    :        1 samples, Peak.  8.19 ms (1.0x), Avg.  8.19 ms, Total. 8.194 ms (0.0%)
[Performance] Application.SyncCurrentColorSpace                                                                              :        1 samples, Peak.  15.4 ms (1.0x), Avg.  15.4 ms, Total. 15.39 ms (0.0%)
[Performance] Application.OnUsbDevicesChanged                                                                                :        1 samples, Peak.  28.6 ms (1.0x), Avg.  28.6 ms, Total. 28.57 ms (0.0%)
[Performance] Application.AssetInstanceCacheUpdate                                                                           :        1 samples, Peak.   300 ns (1.0x), Avg.   300 ns, Total. 300.0 ns (0.0%)
[Performance] Application.UnityExtensions.Initialize                                                                         :        1 samples, Peak.  10.3 ms (1.0x), Avg.  10.3 ms, Total. 10.27 ms (0.0%)
[Performance] CodeEditorProjectSync.SyncEditorProject                                                                        :        1 samples, Peak.   291 ms (1.0x), Avg.   291 ms, Total. 291.0 ms (0.3%)
[Performance] Application.ExecuteStartups                                                                                    :        1 samples, Peak.  18.6 ms (1.0x), Avg.  18.6 ms, Total. 18.56 ms (0.0%)
[Performance] Menu.RegisterMenuInterface                                                                                     :       26 samples, Peak.   800 ns (5.8x), Avg.   138 ns, Total. 3.600 us (0.0%)
[Performance] Gizmo.RebuildRenderers                                                                                         :        1 samples, Peak.  17.2 ms (1.0x), Avg.  17.2 ms, Total. 17.24 ms (0.0%)
[Performance] Gizmo.AddGizmoRenderers                                                                                        :      159 samples, Peak.  1.19 ms (46.3x), Avg.  25.7 us, Total. 4.082 ms (0.0%)
[Performance] Application.editorInitializingProject                                                                          :        1 samples, Peak.   134 ms (1.0x), Avg.   134 ms, Total. 134.2 ms (0.1%)
[Performance] Application.InitializeMenu                                                                                     :        1 samples, Peak.  42.8 ms (1.0x), Avg.  42.8 ms, Total. 42.85 ms (0.0%)
[Performance] Menu.RebuildAll                                                                                                :        1 samples, Peak.  42.8 ms (1.0x), Avg.  42.8 ms, Total. 42.83 ms (0.0%)
[Performance] Menu.BuildRegisteredMenuInterfaces                                                                             :        1 samples, Peak.  40.5 ms (1.0x), Avg.  40.5 ms, Total. 40.52 ms (0.0%)
[Performance] Menu.FilterMenuItem                                                                                            :     1029 samples, Peak.  12.0 ms (1012.7x), Avg.  11.8 us, Total. 12.18 ms (0.0%)
[Performance] UpdateAllMenus                                                                                                 :        1 samples, Peak.   339 us (1.0x), Avg.   339 us, Total. 339.0 us (0.0%)
[Performance] Menu.RebuildOSMainMenu                                                                                         :        2 samples, Peak.  1.78 ms (1.1x), Avg.  1.59 ms, Total. 3.171 ms (0.0%)
[Performance] EditorSceneManager.sceneClosing: UnityEditor.SceneVisibilityManager.EditorSceneManagerOnSceneClosing           :        2 samples, Peak.   145 us (1.9x), Avg.  75.2 us, Total. 150.4 us (0.0%)
[Performance] GUIView.RepaintAll.PlayerLoopController                                                                        :        2 samples, Peak.   900 ns (1.3x), Avg.   700 ns, Total. 1.400 us (0.0%)
[Performance] EditorSceneManager.newSceneCreated: UnityEditor.SceneTemplate.SceneTemplateService.OnNewSceneCreated           :        2 samples, Peak.   177 us (2.0x), Avg.  89.5 us, Total. 179.1 us (0.0%)
[Performance] EditorSceneManager.newSceneCreated: UnityEditor.SceneVisibilityManager.EditorSceneManagerOnNewSceneCreated     :        2 samples, Peak.   481 us (2.0x), Avg.   243 us, Total. 485.8 us (0.0%)
[Performance] EditorSceneManager.newSceneCreated: UnityEditor.SceneManagement.StageNavigationManager.OnNewSceneCreated       :        2 samples, Peak.  46.1 us (1.9x), Avg.  24.1 us, Total. 48.30 us (0.0%)
[Performance] Application.InvokeFinishedLoadingProject                                                                       :        1 samples, Peak.  14.1 ms (1.0x), Avg.  14.1 ms, Total. 14.07 ms (0.0%)
[Performance] ProcessService.OnProjectLoaded                                                                                 :        1 samples, Peak.   135 us (1.0x), Avg.   135 us, Total. 135.4 us (0.0%)
[Performance] StateMacroSavedEvent.OnWillSaveAssets                                                                          :        2 samples, Peak.   350 us (1.3x), Avg.   277 us, Total. 554.8 us (0.0%)
[Performance] FlowMacroSavedEvent.OnWillSaveAssets                                                                           :        2 samples, Peak.   161 us (1.5x), Avg.   109 us, Total. 217.9 us (0.0%)
[Performance] AssetModificationProcessor.OnWillSaveAssets                                                                    :        2 samples, Peak.   143 us (2.0x), Avg.  71.9 us, Total. 143.8 us (0.0%)
[Performance] BuilderAssetModificationProcessor.OnWillSaveAssets                                                             :        2 samples, Peak.   228 us (2.0x), Avg.   115 us, Total. 229.6 us (0.0%)
[Performance] TerrainModificationProcessor.OnWillSaveAssets                                                                  :        2 samples, Peak.   373 us (2.0x), Avg.   187 us, Total. 373.7 us (0.0%)
[Performance] AudioContainerModificationProcessor.OnWillSaveAssets                                                           :        2 samples, Peak.  38.4 us (1.9x), Avg.  19.9 us, Total. 39.70 us (0.0%)
[Performance] ShaderImporter.SourceAssetModified                                                                             :        3 samples, Peak.   800 ns (1.3x), Avg.   633 ns, Total. 1.900 us (0.0%)
[Performance] ShaderIncludeImporter.SourceAssetModified                                                                      :        3 samples, Peak.   900 ns (1.3x), Avg.   700 ns, Total. 2.100 us (0.0%)
[Performance] GenerateAssemblyTypeInfos                                                                                      :        2 samples, Peak.  71.8 ms (1.5x), Avg.  49.0 ms, Total. 98.07 ms (0.1%)
[Performance] AssetDatabase.Refresh                                                                                          :        1 samples, Peak.  50.2 ms (1.0x), Avg.  50.2 ms, Total. 50.19 ms (0.1%)
[Performance] Application.Shutdown.SaveDefaultWindowPreferences                                                              :        1 samples, Peak.  77.3 us (1.0x), Avg.  77.3 us, Total. 77.30 us (0.0%)
[Performance] Application.Shutdown.SaveSceneManagerSetup                                                                     :        1 samples, Peak.   218 us (1.0x), Avg.   218 us, Total. 217.5 us (0.0%)
[Performance] Application.Shutdown.CleanupAllContainerWindows                                                                :        1 samples, Peak.  5.80 us (1.0x), Avg.  5.80 us, Total. 5.800 us (0.0%)
[Performance] EditorApplication.quitting: Unity.Burst.Editor.BurstLoader.OnEditorApplicationQuitting                         :        1 samples, Peak.  27.3 us (1.0x), Avg.  27.3 us, Total. 27.30 us (0.0%)
[Performance] EditorApplication.quitting: callback in TMPro.EditorEventCallbacks                                             :        1 samples, Peak.  77.8 ms (1.0x), Avg.  77.8 ms, Total. 77.84 ms (0.1%)
[Performance] EditorApplication.quitting: callback in UnityEditor.TextCore.Text.EditorEventCallbacks                         :        1 samples, Peak.  7.02 ms (1.0x), Avg.  7.02 ms, Total. 7.018 ms (0.0%)
[Performance] EditorApplication.quitting: ThreadingManager.WaitForOutstandingTasks                                           :        1 samples, Peak.   421 us (1.0x), Avg.   421 us, Total. 420.8 us (0.0%)
[Performance] Application.Shutdown.PauseProfilerSession                                                                      :        1 samples, Peak.  68.7 us (1.0x), Avg.  68.7 us, Total. 68.70 us (0.0%)
[Performance] Application.Shutdown.PauseAssetImportWorkers                                                                   :        1 samples, Peak.   231 us (1.0x), Avg.   231 us, Total. 231.2 us (0.0%)
[Performance] Application.Shutdown.SaveAssets                                                                                :        1 samples, Peak.   122 ms (1.0x), Avg.   122 ms, Total. 122.5 ms (0.1%)
[Performance] Application.Shutdown.CleanupRenderPipeline                                                                     :        1 samples, Peak.  2.30 us (1.0x), Avg.  2.30 us, Total. 2.300 us (0.0%)
[Performance] Application.Shutdown.StopPreloadManager                                                                        :        1 samples, Peak.  9.77 ms (1.0x), Avg.  9.77 ms, Total. 9.775 ms (0.0%)
[Performance] Application.Shutdown.DestroyWorld                                                                              :        1 samples, Peak.   512 us (1.0x), Avg.   512 us, Total. 511.7 us (0.0%)
[Performance] Application.Shutdown.CleanupAfterLoad                                                                          :        1 samples, Peak.   160 ms (1.0x), Avg.   160 ms, Total. 159.7 ms (0.2%)
[Performance] Application.Shutdown.Progress                                                                                  :        1 samples, Peak.  14.7 us (1.0x), Avg.  14.7 us, Total. 14.70 us (0.0%)
[Performance] Application.Shutdown.GICleanupManagers                                                                         :        1 samples, Peak.  1.06 ms (1.0x), Avg.  1.06 ms, Total. 1.058 ms (0.0%)
[Performance] Application.Shutdown.MenuCleanupClass                                                                          :        1 samples, Peak.   210 us (1.0x), Avg.   210 us, Total. 210.0 us (0.0%)
[Performance] Application.Shutdown.ADBSaveStateBeforeShutdown                                                                :        1 samples, Peak.  7.60 us (1.0x), Avg.  7.60 us, Total. 7.600 us (0.0%)
[Performance] Application.Shutdown.RemoteShutdown                                                                            :        1 samples, Peak.   800 ns (1.0x), Avg.   800 ns, Total. 800.0 ns (0.0%)
[Performance] Application.Shutdown.CleanupVCProvider                                                                         :        1 samples, Peak.  7.60 us (1.0x), Avg.  7.60 us, Total. 7.600 us (0.0%)
[Performance] Application.Shutdown.InputShutdown                                                                             :        1 samples, Peak.   400 ns (1.0x), Avg.   400 ns, Total. 400.0 ns (0.0%)
[Performance] Application.Shutdown.GizmoManagerDestroy                                                                       :        1 samples, Peak.   783 us (1.0x), Avg.   783 us, Total. 783.2 us (0.0%)
[Performance] Application.Shutdown.ProfilerSession                                                                           :        1 samples, Peak.   127 us (1.0x), Avg.   127 us, Total. 126.9 us (0.0%)
[Performance] Application.Shutdown.ReleaseGfxWindowOnAllGUIViews                                                             :        1 samples, Peak.   500 ns (1.0x), Avg.   500 ns, Total. 500.0 ns (0.0%)
[Performance] Application.Shutdown.CleanupEngine                                                                             :        1 samples, Peak.  69.8 ms (1.0x), Avg.  69.8 ms, Total. 69.82 ms (0.1%)
[Performance] Application.Shutdown.CleanupAssetDatabase                                                                      :        1 samples, Peak.  19.3 ms (1.0x), Avg.  19.3 ms, Total. 19.30 ms (0.0%)
[Performance] Application.Shutdown.ScriptCompilationCleanUp                                                                  :        1 samples, Peak.  16.3 ms (1.0x), Avg.  16.3 ms, Total. 16.32 ms (0.0%)
[Performance] Application.Shutdown.DestroyJobSystem                                                                          :        1 samples, Peak.   148 us (1.0x), Avg.   148 us, Total. 147.7 us (0.0%)
[Performance] Application.Shutdown.CleanupPersistentManager                                                                  :        1 samples, Peak.  8.54 ms (1.0x), Avg.  8.54 ms, Total. 8.539 ms (0.0%)
[Performance] Application.Shutdown.CleanupAsyncReadManager                                                                   :        1 samples, Peak.   692 us (1.0x), Avg.   692 us, Total. 692.4 us (0.0%)
[Performance] Application.Shutdown.CleanupProgressBar                                                                        :        1 samples, Peak.   300 ns (1.0x), Avg.   300 ns, Total. 300.0 ns (0.0%)
[Performance] Application.Shutdown.CleanupMono                                                                               :        1 samples, Peak.   129 ms (1.0x), Avg.   129 ms, Total. 128.9 ms (0.1%)
[Performance] Application.Shutdown.CleanupStdConverters                                                                      :        1 samples, Peak.  6.00 us (1.0x), Avg.  6.00 us, Total. 6.000 us (0.0%)
[Performance] Application.Shutdown.UnloadAllPlatformSupportModuleNativeDlls                                                  :        1 samples, Peak.   600 ns (1.0x), Avg.   600 ns, Total. 600.0 ns (0.0%)
[Performance] Application.Shutdown.UnloadAllPlatformSupportNativeLibraries                                                   :        1 samples, Peak. 0.0 (-nan(ind)x), Avg. 0.0, Total. 0.0 (0.0%)
[Performance] Application.Shutdown.CleanupAutoDocumentation                                                                  :        1 samples, Peak.   233 us (1.0x), Avg.   233 us, Total. 232.7 us (0.0%)
[Performance] Application.Shutdown.ShaderNameManagerDestroy                                                                  :        1 samples, Peak.  32.4 us (1.0x), Avg.  32.4 us, Total. 32.40 us (0.0%)
[Performance] Application.Shutdown.CleanupCacheServer                                                                        :        1 samples, Peak.   100 ns (1.0x), Avg.   100 ns, Total. 100.0 ns (0.0%)
[Performance] Application.Shutdown.Virtualization_Shutdown                                                                   :        1 samples, Peak.   400 ns (1.0x), Avg.   400 ns, Total. 400.0 ns (0.0%)
[Performance] Application.Shutdown.DevConnections                                                                            :        1 samples, Peak.   136 us (1.0x), Avg.   136 us, Total. 135.6 us (0.0%)
Thread: ID 19532, CleanupSafetyData: safetyData b01b9610
Thread: ID 19532, CleanupSafetyData: safetyData b01ba780
Thread: ID 19532, CleanupSafetyData: safetyData b01ba870
Thread: ID 19532, CleanupSafetyData: safetyData b1772840
Thread: ID 19532, CleanupSafetyData: safetyData b19aac90
Thread: ID 19532, CleanupSafetyData: safetyData b4f43b30
Checking for leaked weakptr:
  Found no leaked weakptrs.
[Package Manager] Server process was shutdown
Memory Statistics:
[ALLOC_TEMP_TLS] TLS Allocator
  StackAllocators : 
    [ALLOC_TEMP_CurlRequest]
      Initial Block Size 64.0 KB
      Current Block Size 64.0 KB
      Peak Allocated Bytes 0 B
      Overflow Count 0
    [ALLOC_TEMP_MAIN]
      Initial Block Size 16.0 MB
      Current Block Size 126.5 MB
      Peak Allocated Bytes 66.4 MB
      Overflow Count 0
    [ALLOC_TEMP_Background Job.worker 4]
      Initial Block Size 32.0 KB
      Current Block Size 32.0 KB
      Peak Allocated Bytes 48 B
      Overflow Count 0
    [ALLOC_TEMP_Loading.PreloadManager]
      Initial Block Size 32.0 MB
      Current Block Size 32.0 MB
      Peak Allocated Bytes 46 B
      Overflow Count 0
    [ALLOC_TEMP_BakingJobs.worker 17]
      Initial Block Size 256.0 KB
      Current Block Size 256.0 KB
      Peak Allocated Bytes 42 B
      Overflow Count 0
    [ALLOC_TEMP_Background Job.worker 3]
      Initial Block Size 32.0 KB
      Current Block Size 32.0 KB
      Peak Allocated Bytes 48 B
      Overflow Count 0
    [ALLOC_TEMP_Background Job.worker 7]
      Initial Block Size 32.0 KB
      Current Block Size 32.0 KB
      Peak Allocated Bytes 48 B
      Overflow Count 0
    [ALLOC_TEMP_Job.worker 16]
      Initial Block Size 256.0 KB
      Current Block Size 1.5 MB
      Peak Allocated Bytes 1.5 MB
      Overflow Count 0
    [ALLOC_TEMP_Background Job.worker 6]
      Initial Block Size 32.0 KB
      Current Block Size 32.0 KB
      Peak Allocated Bytes 48 B
      Overflow Count 0
    [ALLOC_TEMP_CloudJob.worker 0]
      Initial Block Size 32.0 KB
      Current Block Size 32.0 KB
      Peak Allocated Bytes 8.1 KB
      Overflow Count 0
    [ALLOC_TEMP_AUDIO_FMOD (WASAPI) feeder thread]
      Initial Block Size 64.0 KB
      Current Block Size 64.0 KB
      Peak Allocated Bytes 58 B
      Overflow Count 0
    [ALLOC_TEMP_Job.worker 19]
      Initial Block Size 256.0 KB
      Current Block Size 1.5 MB
      Peak Allocated Bytes 1.5 MB
      Overflow Count 0
    [ALLOC_TEMP_Background Job.worker 12]
      Initial Block Size 32.0 KB
      Current Block Size 32.0 KB
      Peak Allocated Bytes 50 B
      Overflow Count 0
    [ALLOC_TEMP_Background Job.worker 10]
      Initial Block Size 32.0 KB
      Current Block Size 32.0 KB
      Peak Allocated Bytes 50 B
      Overflow Count 0
    [ALLOC_TEMP_Background Job.worker 2]
      Initial Block Size 32.0 KB
      Current Block Size 32.0 KB
      Peak Allocated Bytes 1.5 KB
      Overflow Count 0
    [ALLOC_TEMP_Background Job.worker 11]
      Initial Block Size 32.0 KB
      Current Block Size 32.0 KB
      Peak Allocated Bytes 50 B
      Overflow Count 0
    [ALLOC_TEMP_Background Job.worker 8]
      Initial Block Size 32.0 KB
      Current Block Size 32.0 KB
      Peak Allocated Bytes 48 B
      Overflow Count 0
    [ALLOC_TEMP_AUDIO_FMOD mixer thread]
      Initial Block Size 64.0 KB
      Current Block Size 64.0 KB
      Peak Allocated Bytes 38 B
      Overflow Count 0
    [ALLOC_TEMP_Background Job.worker 15]
      Initial Block Size 32.0 KB
      Current Block Size 32.0 KB
      Peak Allocated Bytes 50 B
      Overflow Count 0
    [ALLOC_TEMP_Job.worker 5]
      Initial Block Size 256.0 KB
      Current Block Size 1.0 MB
      Peak Allocated Bytes 1.0 MB
      Overflow Count 1
    [ALLOC_TEMP_BakingJobs.worker 22]
      Initial Block Size 256.0 KB
      Current Block Size 256.0 KB
      Peak Allocated Bytes 42 B
      Overflow Count 0
    [ALLOC_TEMP_Job.worker 20]
      Initial Block Size 256.0 KB
      Current Block Size 256.0 KB
      Peak Allocated Bytes 88.1 KB
      Overflow Count 1
    [ALLOC_TEMP_Background Job.worker 13]
      Initial Block Size 32.0 KB
      Current Block Size 32.0 KB
      Peak Allocated Bytes 50 B
      Overflow Count 0
    [ALLOC_TEMP_BakingJobs.worker 0]
      Initial Block Size 256.0 KB
      Current Block Size 256.0 KB
      Peak Allocated Bytes 40 B
      Overflow Count 0
    [ALLOC_TEMP_AssetGarbageCollectorHelper] x 23
      Initial Block Size 64.0 KB
      Current Block Size 64.0 KB
      Peak Allocated Bytes 0 B
      Overflow Count 0
    [ALLOC_TEMP_EditorTaskManager]
      Initial Block Size 64.0 KB
      Current Block Size 68.0 KB
      Peak Allocated Bytes 64.0 KB
      Overflow Count 0
    [ALLOC_TEMP_Profiler.Dispatcher]
      Initial Block Size 64.0 KB
      Current Block Size 64.0 KB
      Peak Allocated Bytes 0 B
      Overflow Count 0
    [ALLOC_TEMP_BakingJobs.worker 13]
      Initial Block Size 256.0 KB
      Current Block Size 256.0 KB
      Peak Allocated Bytes 42 B
      Overflow Count 0
    [ALLOC_TEMP_BakingJobs.worker 9]
      Initial Block Size 256.0 KB
      Current Block Size 256.0 KB
      Peak Allocated Bytes 40 B
      Overflow Count 0
    [ALLOC_TEMP_BakingJobs.worker 6]
      Initial Block Size 256.0 KB
      Current Block Size 256.0 KB
      Peak Allocated Bytes 40 B
      Overflow Count 0
    [ALLOC_TEMP_BakingJobs.worker 7]
      Initial Block Size 256.0 KB
      Current Block Size 256.0 KB
      Peak Allocated Bytes 40 B
      Overflow Count 0
    [ALLOC_TEMP_BakingJobs.worker 19]
      Initial Block Size 256.0 KB
      Current Block Size 256.0 KB
      Peak Allocated Bytes 42 B
      Overflow Count 0
    [ALLOC_TEMP_BakingJobs.worker 4]
      Initial Block Size 256.0 KB
      Current Block Size 256.0 KB
      Peak Allocated Bytes 40 B
      Overflow Count 0
    [ALLOC_TEMP_BakingJobs.worker 20]
      Initial Block Size 256.0 KB
      Current Block Size 256.0 KB
      Peak Allocated Bytes 42 B
      Overflow Count 0
    [ALLOC_TEMP_Background Job.worker 0]
      Initial Block Size 32.0 KB
      Current Block Size 32.0 KB
      Peak Allocated Bytes 48 B
      Overflow Count 0
    [ALLOC_TEMP_BakingJobs.worker 14]
      Initial Block Size 256.0 KB
      Current Block Size 256.0 KB
      Peak Allocated Bytes 42 B
      Overflow Count 0
    [ALLOC_TEMP_BakingJobs.worker 12]
      Initial Block Size 256.0 KB
      Current Block Size 256.0 KB
      Peak Allocated Bytes 42 B
      Overflow Count 0
    [ALLOC_TEMP_Job.worker 6]
      Initial Block Size 256.0 KB
      Current Block Size 1.0 MB
      Peak Allocated Bytes 1.0 MB
      Overflow Count 1
    [ALLOC_TEMP_BakingJobs.worker 10]
      Initial Block Size 256.0 KB
      Current Block Size 256.0 KB
      Peak Allocated Bytes 42 B
      Overflow Count 0
    [ALLOC_TEMP_Background Job.worker 14]
      Initial Block Size 32.0 KB
      Current Block Size 32.0 KB
      Peak Allocated Bytes 50 B
      Overflow Count 0
    [ALLOC_TEMP_Job.worker 8]
      Initial Block Size 256.0 KB
      Current Block Size 1.0 MB
      Peak Allocated Bytes 1.0 MB
      Overflow Count 1
    [ALLOC_TEMP_BakingJobs.worker 1]
      Initial Block Size 256.0 KB
      Current Block Size 256.0 KB
      Peak Allocated Bytes 40 B
      Overflow Count 0
    [ALLOC_TEMP_BatchDeleteObjects]
      Initial Block Size 64.0 KB
      Current Block Size 64.0 KB
      Peak Allocated Bytes 38 B
      Overflow Count 0
    [ALLOC_TEMP_BakingJobs.worker 5]
      Initial Block Size 256.0 KB
      Current Block Size 256.0 KB
      Peak Allocated Bytes 40 B
      Overflow Count 0
    [ALLOC_TEMP_AUDIO_FMOD stream thread]
      Initial Block Size 64.0 KB
      Current Block Size 64.0 KB
      Peak Allocated Bytes 40 B
      Overflow Count 0
    [ALLOC_TEMP_BakingJobs.worker 21]
      Initial Block Size 256.0 KB
      Current Block Size 256.0 KB
      Peak Allocated Bytes 42 B
      Overflow Count 0
    [ALLOC_TEMP_BakingJobs.worker 11]
      Initial Block Size 256.0 KB
      Current Block Size 256.0 KB
      Peak Allocated Bytes 42 B
      Overflow Count 0
    [ALLOC_TEMP_CoreBusinessMetricsCache]
      Initial Block Size 64.0 KB
      Current Block Size 64.0 KB
      Peak Allocated Bytes 7.5 KB
      Overflow Count 0
    [ALLOC_TEMP_BakingJobs.worker 18]
      Initial Block Size 256.0 KB
      Current Block Size 256.0 KB
      Peak Allocated Bytes 42 B
      Overflow Count 0
    [ALLOC_TEMP_Job.worker 11]
      Initial Block Size 256.0 KB
      Current Block Size 1.5 MB
      Peak Allocated Bytes 1.5 MB
      Overflow Count 0
    [ALLOC_TEMP_Job.worker 15]
      Initial Block Size 256.0 KB
      Current Block Size 1.5 MB
      Peak Allocated Bytes 1.5 MB
      Overflow Count 0
    [ALLOC_TEMP_BakingJobs.worker 16]
      Initial Block Size 256.0 KB
      Current Block Size 256.0 KB
      Peak Allocated Bytes 42 B
      Overflow Count 0
    [ALLOC_TEMP_Background Job.worker 9]
      Initial Block Size 32.0 KB
      Current Block Size 32.0 KB
      Peak Allocated Bytes 48 B
      Overflow Count 0
    [ALLOC_TEMP_Job.worker 0]
      Initial Block Size 256.0 KB
      Current Block Size 1.5 MB
      Peak Allocated Bytes 1.5 MB
      Overflow Count 0
    [ALLOC_TEMP_Job.worker 14]
      Initial Block Size 256.0 KB
      Current Block Size 256.0 KB
      Peak Allocated Bytes 35.7 KB
      Overflow Count 1
    [ALLOC_TEMP_Job.worker 4]
      Initial Block Size 256.0 KB
      Current Block Size 1.0 MB
      Peak Allocated Bytes 1.0 MB
      Overflow Count 1
    [ALLOC_TEMP_Job.worker 13]
      Initial Block Size 256.0 KB
      Current Block Size 1.5 MB
      Peak Allocated Bytes 1.5 MB
      Overflow Count 0
    [ALLOC_TEMP_Background Job.worker 1]
      Initial Block Size 32.0 KB
      Current Block Size 256.0 KB
      Peak Allocated Bytes 123.2 KB
      Overflow Count 4762
    [ALLOC_TEMP_BakingJobs.worker 23]
      Initial Block Size 256.0 KB
      Current Block Size 256.0 KB
      Peak Allocated Bytes 42 B
      Overflow Count 0
    [ALLOC_TEMP_Job.worker 1]
      Initial Block Size 256.0 KB
      Current Block Size 1.5 MB
      Peak Allocated Bytes 1.5 MB
      Overflow Count 0
    [ALLOC_TEMP_Job.worker 21]
      Initial Block Size 256.0 KB
      Current Block Size 256.0 KB
      Peak Allocated Bytes 39.1 KB
      Overflow Count 1
    [ALLOC_TEMP_BakingJobs.worker 3]
      Initial Block Size 256.0 KB
      Current Block Size 256.0 KB
      Peak Allocated Bytes 40 B
      Overflow Count 0
    [ALLOC_TEMP_Background Job.worker 5]
      Initial Block Size 32.0 KB
      Current Block Size 32.0 KB
      Peak Allocated Bytes 48 B
      Overflow Count 0
    [ALLOC_TEMP_AssetDatabase.IOService]
      Initial Block Size 64.0 KB
      Current Block Size 64.0 KB
      Peak Allocated Bytes 48 B
      Overflow Count 0
    [ALLOC_TEMP_Job.worker 12]
      Initial Block Size 256.0 KB
      Current Block Size 256.0 KB
      Peak Allocated Bytes 112.6 KB
      Overflow Count 0
    [ALLOC_TEMP_DirMonitor]
      Initial Block Size 64.0 KB
      Current Block Size 64.0 KB
      Peak Allocated Bytes 1.5 KB
      Overflow Count 0
    [ALLOC_TEMP_Job.worker 3]
      Initial Block Size 256.0 KB
      Current Block Size 1.5 MB
      Peak Allocated Bytes 1.5 MB
      Overflow Count 0
    [ALLOC_TEMP_Job.worker 22]
      Initial Block Size 256.0 KB
      Current Block Size 1.5 MB
      Peak Allocated Bytes 1.5 MB
      Overflow Count 0
    [ALLOC_TEMP_BakingJobs.worker 2]
      Initial Block Size 256.0 KB
      Current Block Size 256.0 KB
      Peak Allocated Bytes 40 B
      Overflow Count 0
    [ALLOC_TEMP_BakingJobs.worker 15]
      Initial Block Size 256.0 KB
      Current Block Size 256.0 KB
      Peak Allocated Bytes 42 B
      Overflow Count 0
    [ALLOC_TEMP_Job.worker 10]
      Initial Block Size 256.0 KB
      Current Block Size 256.0 KB
      Peak Allocated Bytes 234.7 KB
      Overflow Count 1
    [ALLOC_TEMP_Job.worker 7]
      Initial Block Size 256.0 KB
      Current Block Size 1.0 MB
      Peak Allocated Bytes 1.0 MB
      Overflow Count 1
    [ALLOC_TEMP_Job.worker 17]
      Initial Block Size 256.0 KB
      Current Block Size 1.5 MB
      Peak Allocated Bytes 1.5 MB
      Overflow Count 0
    [ALLOC_TEMP_Job.worker 9]
      Initial Block Size 256.0 KB
      Current Block Size 1.0 MB
      Peak Allocated Bytes 1.0 MB
      Overflow Count 1
    [ALLOC_TEMP_Job.worker 18]
      Initial Block Size 256.0 KB
      Current Block Size 1.5 MB
      Peak Allocated Bytes 1.5 MB
      Overflow Count 0
    [ALLOC_TEMP_BakingJobs.worker 8]
      Initial Block Size 256.0 KB
      Current Block Size 256.0 KB
      Peak Allocated Bytes 40 B
      Overflow Count 0
    [ALLOC_TEMP_Job.worker 2]
      Initial Block Size 256.0 KB
      Current Block Size 1.0 MB
      Peak Allocated Bytes 1.0 MB
      Overflow Count 1
    [ALLOC_TEMP_Loading.AsyncRead]
      Initial Block Size 64.0 KB
      Current Block Size 64.0 KB
      Peak Allocated Bytes 128 B
      Overflow Count 0
[ALLOC_MEMORYPROFILER]
  Requested Block Size 1.0 MB
  Peak Block count 8
  Peak Allocated memory 8.4 MB
  Peak Large allocation bytes 1.3 MB
[ALLOC_DEFAULT] Dual Thread Allocator
  Peak main deferred allocation count 4301
    [ALLOC_BUCKET]
      Large Block size 32.0 MB
      Used Block count 4
      Peak Allocated bytes 60.9 MB
    [ALLOC_DEFAULT_MAIN]
      Requested Block Size 16.0 MB
      Peak Block count 208
      Peak Allocated memory 3.32 GB
      Peak Large allocation bytes 92.5 MB
    [ALLOC_DEFAULT_THREAD]
      Requested Block Size 16.0 MB
      Peak Block count 1
      Peak Allocated memory 12.1 MB
      Peak Large allocation bytes 0 B
[ALLOC_TEMP_JOB_1_FRAME]
  Initial Block Size 2.0 MB
  Used Block Count 0
  Overflow Count (too large) 0
  Overflow Count (full) 0
[ALLOC_TEMP_JOB_2_FRAMES]
  Initial Block Size 2.0 MB
  Used Block Count 0
  Overflow Count (too large) 0
  Overflow Count (full) 0
[ALLOC_TEMP_JOB_4_FRAMES (JobTemp)]
  Initial Block Size 2.0 MB
  Used Block Count 1
  Overflow Count (too large) 0
  Overflow Count (full) 0
[ALLOC_TEMP_JOB_ASYNC (Background)]
  Initial Block Size 1.0 MB
  Used Block Count 1
  Overflow Count (too large) 0
  Overflow Count (full) 0
[ALLOC_GFX] Dual Thread Allocator
  Peak main deferred allocation count 382
    [ALLOC_BUCKET]
      Large Block size 32.0 MB
      Used Block count 4
      Peak Allocated bytes 60.9 MB
    [ALLOC_GFX_MAIN]
      Requested Block Size 16.0 MB
      Peak Block count 33
      Peak Allocated memory 0.52 GB
      Peak Large allocation bytes 30.9 MB
    [ALLOC_GFX_THREAD]
      Requested Block Size 16.0 MB
      Peak Block count 1
      Peak Allocated memory 293.6 KB
      Peak Large allocation bytes 0 B
[ALLOC_CACHEOBJECTS] Dual Thread Allocator
  Peak main deferred allocation count 119807
    [ALLOC_BUCKET]
      Large Block size 32.0 MB
      Used Block count 4
      Peak Allocated bytes 60.9 MB
    [ALLOC_CACHEOBJECTS_MAIN]
      Requested Block Size 4.0 MB
      Peak Block count 41
      Peak Allocated memory 0.57 GB
      Peak Large allocation bytes 427.1 MB
    [ALLOC_CACHEOBJECTS_THREAD]
      Requested Block Size 4.0 MB
      Peak Block count 1
      Peak Allocated memory 304 B
      Peak Large allocation bytes 0 B
[ALLOC_TYPETREE] Dual Thread Allocator
  Peak main deferred allocation count 3306
    [ALLOC_BUCKET]
      Large Block size 32.0 MB
      Used Block count 4
      Peak Allocated bytes 60.9 MB
    [ALLOC_TYPETREE_MAIN]
      Requested Block Size 2.0 MB
      Peak Block count 6
      Peak Allocated memory 11.9 MB
      Peak Large allocation bytes 0 B
    [ALLOC_TYPETREE_THREAD]
      Requested Block Size 2.0 MB
      Peak Block count 1
      Peak Allocated memory 6.5 KB
      Peak Large allocation bytes 0 B
[ALLOC_PROFILER]
  Requested Block Size 16.0 MB
  Peak Block count 1
  Peak Allocated memory 0.6 MB
  Peak Large allocation bytes 0 B
    [ALLOC_PROFILER_BUCKET]
      Large Block size 32.0 MB
      Used Block count 1
      Peak Allocated bytes 10.9 KB
[ALLOC_PROFILER_EDITOR]
  Requested Block Size 1.0 MB
  Peak Block count 0
  Peak Allocated memory 0 B
  Peak Large allocation bytes 0 B
    [ALLOC_PROFILER_BUCKET]
      Large Block size 32.0 MB
      Used Block count 1
      Peak Allocated bytes 10.9 KB
##utp:{"type":"MemoryLeaks","version":2,"phase":"Immediate","time":1787158983001,"processId":32484,"allocatedMemory":22147213,"memoryLabels":[{"Default":17877},{"Permanent":15300},{"NewDelete":81344},{"Thread":4230344},{"Manager":34106},{"VertexData":8},{"Geometry":816},{"Texture":160},{"Shader":77819},{"Material":24},{"GfxDevice":55384},{"Animation":328},{"Audio":4040},{"Font":3470706},{"FontEngine":224},{"Physics":369},{"Serialization":968},{"Input":14816},{"JobScheduler":33024},{"Mono":32},{"ScriptingNativeRuntime":155060},{"BaseObject":1619504},{"Resource":1304},{"Renderer":2360},{"Transform":4646},{"File":976},{"WebCam":80},{"Culling":32},{"Terrain":953},{"Wind":24},{"STL":40},{"String":28174},{"DynamicArray":123273},{"HashMap":93803},{"Utility":2667150},{"Curl":1448},{"PoolAlloc":1768},{"AI":104},{"TypeTree":4493},{"ScriptManager":512},{"RuntimeInitializeOnLoadManager":64},{"SpriteAtlas":112},{"GI":7888},{"Director":8240},{"CloudService":14768},{"WebRequest":6036},{"VR":45953},{"SceneManager":496},{"Video":64},{"LazyScriptCache":32},{"NativeArray":8},{"Camera":17},{"Secure":1},{"Image":4096},{"SerializationCache":1576},{"APIUpdating":10320},{"Subsystems":336},{"VirtualTexturing":57888},{"StaticSafetyDebugInfo":278528},{"Analytics":544},{"Hierarchy":16},{"Gui":80},{"EditorUtility":58381},{"VersionControl":4},{"Undo":624},{"AssetDatabase":8852491},{"EditorGi":328},{"UnityConnect":24848},{"Collab":545},{"Upm":1728},{"DrivenProperties":72},{"LocalIPC":260},{"ProfilerEditor":9738},{"CoreBusinessMetrics":14018},{"Licensing":3656},{"AssetReference":32},{"IPCStream":32}]}
